-- phpMyAdmin SQL Dump
-- version 5.2.0
-- https://www.phpmyadmin.net/
--
-- Host: mysql
-- Generation Time: Oct 27, 2022 at 05:26 PM
-- Server version: 8.0.30
-- PHP Version: 8.0.24

SET SQL_MODE = "NO_AUTO_VALUE_ON_ZERO";
START TRANSACTION;
SET time_zone = "+00:00";


/*!40101 SET @OLD_CHARACTER_SET_CLIENT=@@CHARACTER_SET_CLIENT */;
/*!40101 SET @OLD_CHARACTER_SET_RESULTS=@@CHARACTER_SET_RESULTS */;
/*!40101 SET @OLD_COLLATION_CONNECTION=@@COLLATION_CONNECTION */;
/*!40101 SET NAMES utf8mb4 */;

--
-- Database: `hololive_twitter`
--
CREATE DATABASE IF NOT EXISTS `hololive_twitter` DEFAULT CHARACTER SET utf8mb4 COLLATE utf8mb4_general_ci;
USE `hololive_twitter`;

-- --------------------------------------------------------

--
-- Table structure for table `date_dim`
--

CREATE TABLE `date_dim` (
  `date_id` int NOT NULL,
  `date` date DEFAULT NULL,
  `week` int DEFAULT NULL,
  `year` int DEFAULT NULL,
  `day` varchar(9) DEFAULT NULL,
  `month` varchar(9) DEFAULT NULL
) ENGINE=InnoDB DEFAULT CHARSET=utf8mb4 COLLATE=utf8mb4_general_ci;

--
-- Dumping data for table `date_dim`
--

INSERT INTO `date_dim` (`date_id`, `date`, `week`, `year`, `day`, `month`) VALUES
(1, '2021-05-01', 18, 2021, 'Saturday', 'May'),
(2, '2021-05-02', 19, 2021, 'Sunday', 'May'),
(3, '2021-05-03', 19, 2021, 'Monday', 'May'),
(4, '2021-05-04', 19, 2021, 'Tuesday', 'May'),
(5, '2021-05-05', 19, 2021, 'Wednesday', 'May'),
(6, '2021-05-06', 19, 2021, 'Thursday', 'May'),
(7, '2021-05-07', 19, 2021, 'Friday', 'May'),
(8, '2021-05-08', 19, 2021, 'Saturday', 'May'),
(9, '2021-05-09', 20, 2021, 'Sunday', 'May'),
(10, '2021-05-10', 20, 2021, 'Monday', 'May'),
(11, '2021-05-11', 20, 2021, 'Tuesday', 'May'),
(12, '2021-05-12', 20, 2021, 'Wednesday', 'May'),
(13, '2021-05-13', 20, 2021, 'Thursday', 'May'),
(14, '2021-05-14', 20, 2021, 'Friday', 'May'),
(15, '2021-05-15', 20, 2021, 'Saturday', 'May'),
(16, '2021-05-16', 21, 2021, 'Sunday', 'May'),
(17, '2021-05-17', 21, 2021, 'Monday', 'May'),
(18, '2021-05-18', 21, 2021, 'Tuesday', 'May'),
(19, '2021-05-19', 21, 2021, 'Wednesday', 'May'),
(20, '2021-05-20', 21, 2021, 'Thursday', 'May'),
(21, '2021-05-21', 21, 2021, 'Friday', 'May'),
(22, '2021-05-22', 21, 2021, 'Saturday', 'May'),
(23, '2021-05-23', 22, 2021, 'Sunday', 'May'),
(24, '2021-05-24', 22, 2021, 'Monday', 'May'),
(25, '2021-05-25', 22, 2021, 'Tuesday', 'May'),
(26, '2021-05-26', 22, 2021, 'Wednesday', 'May'),
(27, '2021-05-27', 22, 2021, 'Thursday', 'May'),
(28, '2021-05-28', 22, 2021, 'Friday', 'May'),
(29, '2021-05-29', 22, 2021, 'Saturday', 'May'),
(30, '2021-05-30', 23, 2021, 'Sunday', 'May'),
(31, '2021-05-31', 23, 2021, 'Monday', 'May'),
(32, '2021-06-01', 23, 2021, 'Tuesday', 'June'),
(33, '2021-06-02', 23, 2021, 'Wednesday', 'June'),
(34, '2021-06-03', 23, 2021, 'Thursday', 'June'),
(35, '2021-06-04', 23, 2021, 'Friday', 'June'),
(36, '2021-06-05', 23, 2021, 'Saturday', 'June'),
(37, '2021-06-06', 24, 2021, 'Sunday', 'June'),
(38, '2021-06-07', 24, 2021, 'Monday', 'June'),
(39, '2021-06-08', 24, 2021, 'Tuesday', 'June'),
(40, '2021-06-09', 24, 2021, 'Wednesday', 'June'),
(41, '2021-06-10', 24, 2021, 'Thursday', 'June'),
(42, '2021-06-11', 24, 2021, 'Friday', 'June'),
(43, '2021-06-12', 24, 2021, 'Saturday', 'June'),
(44, '2021-06-13', 25, 2021, 'Sunday', 'June'),
(45, '2021-06-14', 25, 2021, 'Monday', 'June'),
(46, '2021-06-15', 25, 2021, 'Tuesday', 'June'),
(47, '2021-06-16', 25, 2021, 'Wednesday', 'June'),
(48, '2021-06-17', 25, 2021, 'Thursday', 'June'),
(49, '2021-06-18', 25, 2021, 'Friday', 'June'),
(50, '2021-06-19', 25, 2021, 'Saturday', 'June'),
(51, '2021-06-20', 26, 2021, 'Sunday', 'June'),
(52, '2021-06-21', 26, 2021, 'Monday', 'June'),
(53, '2021-06-22', 26, 2021, 'Tuesday', 'June'),
(54, '2021-06-23', 26, 2021, 'Wednesday', 'June'),
(55, '2021-06-24', 26, 2021, 'Thursday', 'June'),
(56, '2021-06-25', 26, 2021, 'Friday', 'June'),
(57, '2021-06-26', 26, 2021, 'Saturday', 'June'),
(58, '2021-06-27', 27, 2021, 'Sunday', 'June'),
(59, '2021-06-28', 27, 2021, 'Monday', 'June'),
(60, '2021-06-29', 27, 2021, 'Tuesday', 'June'),
(61, '2021-06-30', 27, 2021, 'Wednesday', 'June'),
(62, '2021-07-01', 27, 2021, 'Thursday', 'Juli'),
(63, '2021-07-02', 27, 2021, 'Friday', 'Juli'),
(64, '2021-07-03', 27, 2021, 'Saturday', 'Juli'),
(65, '2021-07-04', 28, 2021, 'Sunday', 'Juli'),
(66, '2021-07-05', 28, 2021, 'Monday', 'Juli'),
(67, '2021-07-06', 28, 2021, 'Tuesday', 'Juli'),
(68, '2021-07-07', 28, 2021, 'Wednesday', 'Juli'),
(69, '2021-07-08', 28, 2021, 'Thursday', 'Juli'),
(70, '2021-07-09', 28, 2021, 'Friday', 'Juli'),
(71, '2021-07-10', 28, 2021, 'Saturday', 'Juli'),
(72, '2021-07-11', 29, 2021, 'Sunday', 'Juli'),
(73, '2021-07-12', 29, 2021, 'Monday', 'Juli'),
(74, '2021-07-13', 29, 2021, 'Tuesday', 'Juli'),
(75, '2021-07-14', 29, 2021, 'Wednesday', 'Juli'),
(76, '2021-07-15', 29, 2021, 'Thursday', 'Juli'),
(77, '2021-07-16', 29, 2021, 'Friday', 'Juli'),
(78, '2021-07-17', 29, 2021, 'Saturday', 'Juli'),
(79, '2021-07-18', 30, 2021, 'Sunday', 'Juli'),
(80, '2021-07-19', 30, 2021, 'Monday', 'Juli'),
(81, '2021-07-20', 30, 2021, 'Tuesday', 'Juli'),
(82, '2021-07-21', 30, 2021, 'Wednesday', 'Juli'),
(83, '2021-07-22', 30, 2021, 'Thursday', 'Juli'),
(84, '2021-07-23', 30, 2021, 'Friday', 'Juli'),
(85, '2021-07-24', 30, 2021, 'Saturday', 'Juli'),
(86, '2021-07-25', 31, 2021, 'Sunday', 'Juli'),
(87, '2021-07-26', 31, 2021, 'Monday', 'Juli'),
(88, '2021-07-27', 31, 2021, 'Tuesday', 'Juli'),
(89, '2021-07-28', 31, 2021, 'Wednesday', 'Juli'),
(90, '2021-07-29', 31, 2021, 'Thursday', 'Juli'),
(91, '2021-07-30', 31, 2021, 'Friday', 'Juli'),
(92, '2021-07-31', 31, 2021, 'Saturday', 'Juli'),
(93, '2021-08-01', 32, 2021, 'Sunday', 'August'),
(94, '2021-08-02', 32, 2021, 'Monday', 'August'),
(95, '2021-08-03', 32, 2021, 'Tuesday', 'August'),
(96, '2021-08-04', 32, 2021, 'Wednesday', 'August'),
(97, '2021-08-05', 32, 2021, 'Thursday', 'August'),
(98, '2021-08-06', 32, 2021, 'Friday', 'August'),
(99, '2021-08-07', 32, 2021, 'Saturday', 'August'),
(100, '2021-08-08', 33, 2021, 'Sunday', 'August'),
(101, '2021-08-09', 33, 2021, 'Monday', 'August'),
(102, '2021-08-10', 33, 2021, 'Tuesday', 'August'),
(103, '2021-08-11', 33, 2021, 'Wednesday', 'August'),
(104, '2021-08-12', 33, 2021, 'Thursday', 'August'),
(105, '2021-08-13', 33, 2021, 'Friday', 'August'),
(106, '2021-08-14', 33, 2021, 'Saturday', 'August'),
(107, '2021-08-15', 34, 2021, 'Sunday', 'August'),
(108, '2021-08-16', 34, 2021, 'Monday', 'August'),
(109, '2021-08-17', 34, 2021, 'Tuesday', 'August'),
(110, '2021-08-18', 34, 2021, 'Wednesday', 'August'),
(111, '2021-08-19', 34, 2021, 'Thursday', 'August'),
(112, '2021-08-20', 34, 2021, 'Friday', 'August'),
(113, '2021-08-21', 34, 2021, 'Saturday', 'August'),
(114, '2021-08-22', 35, 2021, 'Sunday', 'August'),
(115, '2021-08-23', 35, 2021, 'Monday', 'August'),
(116, '2021-08-24', 35, 2021, 'Tuesday', 'August'),
(117, '2021-08-25', 35, 2021, 'Wednesday', 'August'),
(118, '2021-08-26', 35, 2021, 'Thursday', 'August'),
(119, '2021-08-27', 35, 2021, 'Friday', 'August'),
(120, '2021-08-28', 35, 2021, 'Saturday', 'August'),
(121, '2021-08-29', 36, 2021, 'Sunday', 'August'),
(122, '2021-08-30', 36, 2021, 'Monday', 'August'),
(123, '2021-08-31', 36, 2021, 'Tuesday', 'August'),
(124, '2021-09-01', 36, 2021, 'Wednesday', 'September'),
(125, '2021-09-02', 36, 2021, 'Thursday', 'September'),
(126, '2021-09-03', 36, 2021, 'Friday', 'September'),
(127, '2021-09-04', 36, 2021, 'Saturday', 'September'),
(128, '2021-09-05', 37, 2021, 'Sunday', 'September'),
(129, '2021-09-06', 37, 2021, 'Monday', 'September'),
(130, '2021-09-07', 37, 2021, 'Tuesday', 'September'),
(131, '2021-09-08', 37, 2021, 'Wednesday', 'September'),
(132, '2021-09-09', 37, 2021, 'Thursday', 'September'),
(133, '2021-09-10', 37, 2021, 'Friday', 'September'),
(134, '2021-09-11', 37, 2021, 'Saturday', 'September'),
(135, '2021-09-12', 38, 2021, 'Sunday', 'September'),
(136, '2021-09-13', 38, 2021, 'Monday', 'September'),
(137, '2021-09-14', 38, 2021, 'Tuesday', 'September'),
(138, '2021-09-15', 38, 2021, 'Wednesday', 'September'),
(139, '2021-09-16', 38, 2021, 'Thursday', 'September'),
(140, '2021-09-17', 38, 2021, 'Friday', 'September'),
(141, '2021-09-18', 38, 2021, 'Saturday', 'September'),
(142, '2021-09-19', 39, 2021, 'Sunday', 'September'),
(143, '2021-09-20', 39, 2021, 'Monday', 'September'),
(144, '2021-09-21', 39, 2021, 'Tuesday', 'September'),
(145, '2021-09-22', 39, 2021, 'Wednesday', 'September'),
(146, '2021-09-23', 39, 2021, 'Thursday', 'September'),
(147, '2021-09-24', 39, 2021, 'Friday', 'September'),
(148, '2021-09-25', 39, 2021, 'Saturday', 'September'),
(149, '2021-09-26', 40, 2021, 'Sunday', 'September'),
(150, '2021-09-27', 40, 2021, 'Monday', 'September'),
(151, '2021-09-28', 40, 2021, 'Tuesday', 'September'),
(152, '2021-09-29', 40, 2021, 'Wednesday', 'September'),
(153, '2021-09-30', 40, 2021, 'Thursday', 'September'),
(154, '2021-10-01', 40, 2021, 'Friday', 'October'),
(155, '2021-10-02', 40, 2021, 'Saturday', 'October'),
(156, '2021-10-03', 41, 2021, 'Sunday', 'October'),
(157, '2021-10-04', 41, 2021, 'Monday', 'October'),
(158, '2021-10-05', 41, 2021, 'Tuesday', 'October'),
(159, '2021-10-06', 41, 2021, 'Wednesday', 'October'),
(160, '2021-10-07', 41, 2021, 'Thursday', 'October'),
(161, '2021-10-08', 41, 2021, 'Friday', 'October'),
(162, '2021-10-09', 41, 2021, 'Saturday', 'October'),
(163, '2021-10-10', 42, 2021, 'Sunday', 'October'),
(164, '2021-10-11', 42, 2021, 'Monday', 'October'),
(165, '2021-10-12', 42, 2021, 'Tuesday', 'October'),
(166, '2021-10-13', 42, 2021, 'Wednesday', 'October'),
(167, '2021-10-14', 42, 2021, 'Thursday', 'October'),
(168, '2021-10-15', 42, 2021, 'Friday', 'October'),
(169, '2021-10-16', 42, 2021, 'Saturday', 'October'),
(170, '2021-10-17', 43, 2021, 'Sunday', 'October'),
(171, '2021-10-18', 43, 2021, 'Monday', 'October'),
(172, '2021-10-19', 43, 2021, 'Tuesday', 'October'),
(173, '2021-10-20', 43, 2021, 'Wednesday', 'October'),
(174, '2021-10-21', 43, 2021, 'Thursday', 'October'),
(175, '2021-10-22', 43, 2021, 'Friday', 'October'),
(176, '2021-10-23', 43, 2021, 'Saturday', 'October'),
(177, '2021-10-24', 44, 2021, 'Sunday', 'October'),
(178, '2021-10-25', 44, 2021, 'Monday', 'October'),
(179, '2021-10-26', 44, 2021, 'Tuesday', 'October'),
(180, '2021-10-27', 44, 2021, 'Wednesday', 'October'),
(181, '2021-10-28', 44, 2021, 'Thursday', 'October'),
(182, '2021-10-29', 44, 2021, 'Friday', 'October'),
(183, '2021-10-30', 44, 2021, 'Saturday', 'October'),
(184, '2021-10-31', 45, 2021, 'Sunday', 'October'),
(185, '2021-11-01', 45, 2021, 'Monday', 'November'),
(186, '2021-11-02', 45, 2021, 'Tuesday', 'November'),
(187, '2021-11-03', 45, 2021, 'Wednesday', 'November'),
(188, '2021-11-04', 45, 2021, 'Thursday', 'November'),
(189, '2021-11-05', 45, 2021, 'Friday', 'November'),
(190, '2021-11-06', 45, 2021, 'Saturday', 'November'),
(191, '2021-11-07', 46, 2021, 'Sunday', 'November'),
(192, '2021-11-08', 46, 2021, 'Monday', 'November'),
(193, '2021-11-09', 46, 2021, 'Tuesday', 'November'),
(194, '2021-11-10', 46, 2021, 'Wednesday', 'November'),
(195, '2021-11-11', 46, 2021, 'Thursday', 'November'),
(196, '2021-11-12', 46, 2021, 'Friday', 'November'),
(197, '2021-11-13', 46, 2021, 'Saturday', 'November'),
(198, '2021-11-14', 47, 2021, 'Sunday', 'November'),
(199, '2021-11-15', 47, 2021, 'Monday', 'November'),
(200, '2021-11-16', 47, 2021, 'Tuesday', 'November'),
(201, '2021-11-17', 47, 2021, 'Wednesday', 'November'),
(202, '2021-11-18', 47, 2021, 'Thursday', 'November'),
(203, '2021-11-19', 47, 2021, 'Friday', 'November'),
(204, '2021-11-20', 47, 2021, 'Saturday', 'November'),
(205, '2021-11-21', 48, 2021, 'Sunday', 'November'),
(206, '2021-11-22', 48, 2021, 'Monday', 'November'),
(207, '2021-11-23', 48, 2021, 'Tuesday', 'November'),
(208, '2021-11-24', 48, 2021, 'Wednesday', 'November'),
(209, '2021-11-25', 48, 2021, 'Thursday', 'November'),
(210, '2021-11-26', 48, 2021, 'Friday', 'November'),
(211, '2021-11-27', 48, 2021, 'Saturday', 'November'),
(212, '2021-11-28', 49, 2021, 'Sunday', 'November'),
(213, '2021-11-29', 49, 2021, 'Monday', 'November'),
(214, '2021-11-30', 49, 2021, 'Tuesday', 'November'),
(215, '2021-12-01', 49, 2021, 'Wednesday', 'December'),
(216, '2021-12-02', 49, 2021, 'Thursday', 'December'),
(217, '2021-12-03', 49, 2021, 'Friday', 'December'),
(218, '2021-12-04', 49, 2021, 'Saturday', 'December'),
(219, '2021-12-05', 50, 2021, 'Sunday', 'December'),
(220, '2021-12-06', 50, 2021, 'Monday', 'December'),
(221, '2021-12-07', 50, 2021, 'Tuesday', 'December'),
(222, '2021-12-08', 50, 2021, 'Wednesday', 'December'),
(223, '2021-12-09', 50, 2021, 'Thursday', 'December'),
(224, '2021-12-10', 50, 2021, 'Friday', 'December'),
(225, '2021-12-11', 50, 2021, 'Saturday', 'December'),
(226, '2021-12-12', 51, 2021, 'Sunday', 'December'),
(227, '2021-12-13', 51, 2021, 'Monday', 'December'),
(228, '2021-12-14', 51, 2021, 'Tuesday', 'December'),
(229, '2021-12-15', 51, 2021, 'Wednesday', 'December'),
(230, '2021-12-16', 51, 2021, 'Thursday', 'December'),
(231, '2021-12-17', 51, 2021, 'Friday', 'December'),
(232, '2021-12-18', 51, 2021, 'Saturday', 'December'),
(233, '2021-12-19', 52, 2021, 'Sunday', 'December'),
(234, '2021-12-20', 52, 2021, 'Monday', 'December'),
(235, '2021-12-21', 52, 2021, 'Tuesday', 'December'),
(236, '2021-12-22', 52, 2021, 'Wednesday', 'December'),
(237, '2021-12-23', 52, 2021, 'Thursday', 'December'),
(238, '2021-12-24', 52, 2021, 'Friday', 'December'),
(239, '2021-12-25', 52, 2021, 'Saturday', 'December'),
(240, '2021-12-26', 1, 2021, 'Sunday', 'December'),
(241, '2021-12-27', 1, 2021, 'Monday', 'December'),
(242, '2021-12-28', 1, 2021, 'Tuesday', 'December'),
(243, '2021-12-29', 1, 2021, 'Wednesday', 'December'),
(244, '2021-12-30', 1, 2021, 'Thursday', 'December'),
(245, '2021-12-31', 1, 2021, 'Friday', 'December'),
(246, '2022-01-01', 1, 2022, 'Saturday', 'January'),
(247, '2022-01-02', 2, 2022, 'Sunday', 'January'),
(248, '2022-01-03', 2, 2022, 'Monday', 'January'),
(249, '2022-01-04', 2, 2022, 'Tuesday', 'January'),
(250, '2022-01-05', 2, 2022, 'Wednesday', 'January'),
(251, '2022-01-06', 2, 2022, 'Thursday', 'January'),
(252, '2022-01-07', 2, 2022, 'Friday', 'January'),
(253, '2022-01-08', 2, 2022, 'Saturday', 'January'),
(254, '2022-01-09', 3, 2022, 'Sunday', 'January'),
(255, '2022-01-10', 3, 2022, 'Monday', 'January'),
(256, '2022-01-11', 3, 2022, 'Tuesday', 'January'),
(257, '2022-01-12', 3, 2022, 'Wednesday', 'January'),
(258, '2022-01-13', 3, 2022, 'Thursday', 'January'),
(259, '2022-01-14', 3, 2022, 'Friday', 'January'),
(260, '2022-01-15', 3, 2022, 'Saturday', 'January'),
(261, '2022-01-16', 4, 2022, 'Sunday', 'January'),
(262, '2022-01-17', 4, 2022, 'Monday', 'January'),
(263, '2022-01-18', 4, 2022, 'Tuesday', 'January'),
(264, '2022-01-19', 4, 2022, 'Wednesday', 'January'),
(265, '2022-01-20', 4, 2022, 'Thursday', 'January'),
(266, '2022-01-21', 4, 2022, 'Friday', 'January'),
(267, '2022-01-22', 4, 2022, 'Saturday', 'January'),
(268, '2022-01-23', 5, 2022, 'Sunday', 'January'),
(269, '2022-01-24', 5, 2022, 'Monday', 'January'),
(270, '2022-01-25', 5, 2022, 'Tuesday', 'January'),
(271, '2022-01-26', 5, 2022, 'Wednesday', 'January'),
(272, '2022-01-27', 5, 2022, 'Thursday', 'January'),
(273, '2022-01-28', 5, 2022, 'Friday', 'January'),
(274, '2022-01-29', 5, 2022, 'Saturday', 'January'),
(275, '2022-01-30', 6, 2022, 'Sunday', 'January'),
(276, '2022-01-31', 6, 2022, 'Monday', 'January'),
(277, '2022-02-01', 6, 2022, 'Tuesday', 'February'),
(278, '2022-02-02', 6, 2022, 'Wednesday', 'February'),
(279, '2022-02-03', 6, 2022, 'Thursday', 'February'),
(280, '2022-02-04', 6, 2022, 'Friday', 'February'),
(281, '2022-02-05', 6, 2022, 'Saturday', 'February'),
(282, '2022-02-06', 7, 2022, 'Sunday', 'February'),
(283, '2022-02-07', 7, 2022, 'Monday', 'February'),
(284, '2022-02-08', 7, 2022, 'Tuesday', 'February'),
(285, '2022-02-09', 7, 2022, 'Wednesday', 'February'),
(286, '2022-02-10', 7, 2022, 'Thursday', 'February'),
(287, '2022-02-11', 7, 2022, 'Friday', 'February'),
(288, '2022-02-12', 7, 2022, 'Saturday', 'February'),
(289, '2022-02-13', 8, 2022, 'Sunday', 'February'),
(290, '2022-02-14', 8, 2022, 'Monday', 'February'),
(291, '2022-02-15', 8, 2022, 'Tuesday', 'February'),
(292, '2022-02-16', 8, 2022, 'Wednesday', 'February'),
(293, '2022-02-17', 8, 2022, 'Thursday', 'February'),
(294, '2022-02-18', 8, 2022, 'Friday', 'February'),
(295, '2022-02-19', 8, 2022, 'Saturday', 'February'),
(296, '2022-02-20', 9, 2022, 'Sunday', 'February'),
(297, '2022-02-21', 9, 2022, 'Monday', 'February'),
(298, '2022-02-22', 9, 2022, 'Tuesday', 'February'),
(299, '2022-02-23', 9, 2022, 'Wednesday', 'February'),
(300, '2022-02-24', 9, 2022, 'Thursday', 'February'),
(301, '2022-02-25', 9, 2022, 'Friday', 'February'),
(302, '2022-02-26', 9, 2022, 'Saturday', 'February'),
(303, '2022-02-27', 10, 2022, 'Sunday', 'February'),
(304, '2022-02-28', 10, 2022, 'Monday', 'February'),
(305, '2022-03-01', 10, 2022, 'Tuesday', 'March'),
(306, '2022-03-02', 10, 2022, 'Wednesday', 'March'),
(307, '2022-03-03', 10, 2022, 'Thursday', 'March'),
(308, '2022-03-04', 10, 2022, 'Friday', 'March'),
(309, '2022-03-05', 10, 2022, 'Saturday', 'March'),
(310, '2022-03-06', 11, 2022, 'Sunday', 'March'),
(311, '2022-03-07', 11, 2022, 'Monday', 'March'),
(312, '2022-03-08', 11, 2022, 'Tuesday', 'March'),
(313, '2022-03-09', 11, 2022, 'Wednesday', 'March'),
(314, '2022-03-10', 11, 2022, 'Thursday', 'March'),
(315, '2022-03-11', 11, 2022, 'Friday', 'March'),
(316, '2022-03-12', 11, 2022, 'Saturday', 'March'),
(317, '2022-03-13', 12, 2022, 'Sunday', 'March'),
(318, '2022-03-14', 12, 2022, 'Monday', 'March'),
(319, '2022-03-15', 12, 2022, 'Tuesday', 'March'),
(320, '2022-03-16', 12, 2022, 'Wednesday', 'March'),
(321, '2022-03-17', 12, 2022, 'Thursday', 'March'),
(322, '2022-03-18', 12, 2022, 'Friday', 'March'),
(323, '2022-03-19', 12, 2022, 'Saturday', 'March'),
(324, '2022-03-20', 13, 2022, 'Sunday', 'March'),
(325, '2022-03-21', 13, 2022, 'Monday', 'March'),
(326, '2022-03-22', 13, 2022, 'Tuesday', 'March'),
(327, '2022-03-23', 13, 2022, 'Wednesday', 'March'),
(328, '2022-03-24', 13, 2022, 'Thursday', 'March'),
(329, '2022-03-25', 13, 2022, 'Friday', 'March'),
(330, '2022-03-26', 13, 2022, 'Saturday', 'March'),
(331, '2022-03-27', 14, 2022, 'Sunday', 'March'),
(332, '2022-03-28', 14, 2022, 'Monday', 'March'),
(333, '2022-03-29', 14, 2022, 'Tuesday', 'March'),
(334, '2022-03-30', 14, 2022, 'Wednesday', 'March'),
(335, '2022-03-31', 14, 2022, 'Thursday', 'March'),
(336, '2022-04-01', 14, 2022, 'Friday', 'April'),
(337, '2022-04-02', 14, 2022, 'Saturday', 'April'),
(338, '2022-04-03', 15, 2022, 'Sunday', 'April'),
(339, '2022-04-04', 15, 2022, 'Monday', 'April'),
(340, '2022-04-05', 15, 2022, 'Tuesday', 'April'),
(341, '2022-04-06', 15, 2022, 'Wednesday', 'April'),
(342, '2022-04-07', 15, 2022, 'Thursday', 'April'),
(343, '2022-04-08', 15, 2022, 'Friday', 'April'),
(344, '2022-04-09', 15, 2022, 'Saturday', 'April'),
(345, '2022-04-10', 16, 2022, 'Sunday', 'April'),
(346, '2022-04-11', 16, 2022, 'Monday', 'April'),
(347, '2022-04-12', 16, 2022, 'Tuesday', 'April'),
(348, '2022-04-13', 16, 2022, 'Wednesday', 'April'),
(349, '2022-04-14', 16, 2022, 'Thursday', 'April'),
(350, '2022-04-15', 16, 2022, 'Friday', 'April'),
(351, '2022-04-16', 16, 2022, 'Saturday', 'April'),
(352, '2022-04-17', 17, 2022, 'Sunday', 'April'),
(353, '2022-04-18', 17, 2022, 'Monday', 'April'),
(354, '2022-04-19', 17, 2022, 'Tuesday', 'April'),
(355, '2022-04-20', 17, 2022, 'Wednesday', 'April'),
(356, '2022-04-21', 17, 2022, 'Thursday', 'April'),
(357, '2022-04-22', 17, 2022, 'Friday', 'April'),
(358, '2022-04-23', 17, 2022, 'Saturday', 'April'),
(359, '2022-04-24', 18, 2022, 'Sunday', 'April'),
(360, '2022-04-25', 18, 2022, 'Monday', 'April'),
(361, '2022-04-26', 18, 2022, 'Tuesday', 'April'),
(362, '2022-04-27', 18, 2022, 'Wednesday', 'April'),
(363, '2022-04-28', 18, 2022, 'Thursday', 'April'),
(364, '2022-04-29', 18, 2022, 'Friday', 'April'),
(365, '2022-04-30', 18, 2022, 'Saturday', 'April'),
(366, '2022-05-01', 19, 2022, 'Sunday', 'May'),
(367, '2022-05-02', 19, 2022, 'Monday', 'May'),
(368, '2022-05-03', 19, 2022, 'Tuesday', 'May'),
(369, '2022-05-04', 19, 2022, 'Wednesday', 'May'),
(370, '2022-05-05', 19, 2022, 'Thursday', 'May'),
(371, '2022-05-06', 19, 2022, 'Friday', 'May'),
(372, '2022-05-07', 19, 2022, 'Saturday', 'May'),
(373, '2022-05-08', 20, 2022, 'Sunday', 'May'),
(374, '2022-05-09', 20, 2022, 'Monday', 'May'),
(375, '2022-05-10', 20, 2022, 'Tuesday', 'May'),
(376, '2022-05-11', 20, 2022, 'Wednesday', 'May'),
(377, '2022-05-12', 20, 2022, 'Thursday', 'May'),
(378, '2022-05-13', 20, 2022, 'Friday', 'May'),
(379, '2022-05-14', 20, 2022, 'Saturday', 'May'),
(380, '2022-05-15', 21, 2022, 'Sunday', 'May'),
(381, '2022-05-16', 21, 2022, 'Monday', 'May'),
(382, '2022-05-17', 21, 2022, 'Tuesday', 'May'),
(383, '2022-05-18', 21, 2022, 'Wednesday', 'May'),
(384, '2022-05-19', 21, 2022, 'Thursday', 'May'),
(385, '2022-05-20', 21, 2022, 'Friday', 'May'),
(386, '2022-05-21', 21, 2022, 'Saturday', 'May'),
(387, '2022-05-22', 22, 2022, 'Sunday', 'May'),
(388, '2022-05-23', 22, 2022, 'Monday', 'May'),
(389, '2022-05-24', 22, 2022, 'Tuesday', 'May'),
(390, '2022-05-25', 22, 2022, 'Wednesday', 'May'),
(391, '2022-05-26', 22, 2022, 'Thursday', 'May'),
(392, '2022-05-27', 22, 2022, 'Friday', 'May'),
(393, '2022-05-28', 22, 2022, 'Saturday', 'May'),
(394, '2022-05-29', 23, 2022, 'Sunday', 'May'),
(395, '2022-05-30', 23, 2022, 'Monday', 'May'),
(396, '2022-05-31', 23, 2022, 'Tuesday', 'May'),
(397, '2022-06-01', 23, 2022, 'Wednesday', 'June'),
(398, '2022-06-02', 23, 2022, 'Thursday', 'June'),
(399, '2022-06-03', 23, 2022, 'Friday', 'June'),
(400, '2022-06-04', 23, 2022, 'Saturday', 'June'),
(401, '2022-06-05', 24, 2022, 'Sunday', 'June'),
(402, '2022-06-06', 24, 2022, 'Monday', 'June'),
(403, '2022-06-07', 24, 2022, 'Tuesday', 'June'),
(404, '2022-06-08', 24, 2022, 'Wednesday', 'June'),
(405, '2022-06-09', 24, 2022, 'Thursday', 'June'),
(406, '2022-06-10', 24, 2022, 'Friday', 'June'),
(407, '2022-06-11', 24, 2022, 'Saturday', 'June'),
(408, '2022-06-12', 25, 2022, 'Sunday', 'June'),
(409, '2022-06-13', 25, 2022, 'Monday', 'June'),
(410, '2022-06-14', 25, 2022, 'Tuesday', 'June'),
(411, '2022-06-15', 25, 2022, 'Wednesday', 'June'),
(412, '2022-06-16', 25, 2022, 'Thursday', 'June'),
(413, '2022-06-17', 25, 2022, 'Friday', 'June'),
(414, '2022-06-18', 25, 2022, 'Saturday', 'June'),
(415, '2022-06-19', 26, 2022, 'Sunday', 'June'),
(416, '2022-06-20', 26, 2022, 'Monday', 'June'),
(417, '2022-06-21', 26, 2022, 'Tuesday', 'June'),
(418, '2022-06-22', 26, 2022, 'Wednesday', 'June'),
(419, '2022-06-23', 26, 2022, 'Thursday', 'June'),
(420, '2022-06-24', 26, 2022, 'Friday', 'June'),
(421, '2022-06-25', 26, 2022, 'Saturday', 'June'),
(422, '2022-06-26', 27, 2022, 'Sunday', 'June'),
(423, '2022-06-27', 27, 2022, 'Monday', 'June'),
(424, '2022-06-28', 27, 2022, 'Tuesday', 'June'),
(425, '2022-06-29', 27, 2022, 'Wednesday', 'June'),
(426, '2022-06-30', 27, 2022, 'Thursday', 'June'),
(427, '2022-07-01', 27, 2022, 'Friday', 'Juli'),
(428, '2022-07-02', 27, 2022, 'Saturday', 'Juli'),
(429, '2022-07-03', 28, 2022, 'Sunday', 'Juli'),
(430, '2022-07-04', 28, 2022, 'Monday', 'Juli'),
(431, '2022-07-05', 28, 2022, 'Tuesday', 'Juli'),
(432, '2022-07-06', 28, 2022, 'Wednesday', 'Juli'),
(433, '2022-07-07', 28, 2022, 'Thursday', 'Juli'),
(434, '2022-07-08', 28, 2022, 'Friday', 'Juli'),
(435, '2022-07-09', 28, 2022, 'Saturday', 'Juli'),
(436, '2022-07-10', 29, 2022, 'Sunday', 'Juli'),
(437, '2022-07-11', 29, 2022, 'Monday', 'Juli'),
(438, '2022-07-12', 29, 2022, 'Tuesday', 'Juli'),
(439, '2022-07-13', 29, 2022, 'Wednesday', 'Juli'),
(440, '2022-07-14', 29, 2022, 'Thursday', 'Juli'),
(441, '2022-07-15', 29, 2022, 'Friday', 'Juli'),
(442, '2022-07-16', 29, 2022, 'Saturday', 'Juli'),
(443, '2022-07-17', 30, 2022, 'Sunday', 'Juli'),
(444, '2022-07-18', 30, 2022, 'Monday', 'Juli'),
(445, '2022-07-19', 30, 2022, 'Tuesday', 'Juli'),
(446, '2022-07-20', 30, 2022, 'Wednesday', 'Juli'),
(447, '2022-07-21', 30, 2022, 'Thursday', 'Juli'),
(448, '2022-07-22', 30, 2022, 'Friday', 'Juli'),
(449, '2022-07-23', 30, 2022, 'Saturday', 'Juli'),
(450, '2022-07-24', 31, 2022, 'Sunday', 'Juli'),
(451, '2022-07-25', 31, 2022, 'Monday', 'Juli'),
(452, '2022-07-26', 31, 2022, 'Tuesday', 'Juli'),
(453, '2022-07-27', 31, 2022, 'Wednesday', 'Juli'),
(454, '2022-07-28', 31, 2022, 'Thursday', 'Juli'),
(455, '2022-07-29', 31, 2022, 'Friday', 'Juli'),
(456, '2022-07-30', 31, 2022, 'Saturday', 'Juli'),
(457, '2022-07-31', 32, 2022, 'Sunday', 'Juli'),
(458, '2022-08-01', 32, 2022, 'Monday', 'August'),
(459, '2022-08-02', 32, 2022, 'Tuesday', 'August'),
(460, '2022-08-03', 32, 2022, 'Wednesday', 'August'),
(461, '2022-08-04', 32, 2022, 'Thursday', 'August'),
(462, '2022-08-05', 32, 2022, 'Friday', 'August'),
(463, '2022-08-06', 32, 2022, 'Saturday', 'August'),
(464, '2022-08-07', 33, 2022, 'Sunday', 'August'),
(465, '2022-08-08', 33, 2022, 'Monday', 'August'),
(466, '2022-08-09', 33, 2022, 'Tuesday', 'August'),
(467, '2022-08-10', 33, 2022, 'Wednesday', 'August'),
(468, '2022-08-11', 33, 2022, 'Thursday', 'August'),
(469, '2022-08-12', 33, 2022, 'Friday', 'August'),
(470, '2022-08-13', 33, 2022, 'Saturday', 'August'),
(471, '2022-08-14', 34, 2022, 'Sunday', 'August'),
(472, '2022-08-15', 34, 2022, 'Monday', 'August'),
(473, '2022-08-16', 34, 2022, 'Tuesday', 'August'),
(474, '2022-08-17', 34, 2022, 'Wednesday', 'August'),
(475, '2022-08-18', 34, 2022, 'Thursday', 'August'),
(476, '2022-08-19', 34, 2022, 'Friday', 'August'),
(477, '2022-08-20', 34, 2022, 'Saturday', 'August'),
(478, '2022-08-21', 35, 2022, 'Sunday', 'August'),
(479, '2022-08-22', 35, 2022, 'Monday', 'August'),
(480, '2022-08-23', 35, 2022, 'Tuesday', 'August'),
(481, '2022-08-24', 35, 2022, 'Wednesday', 'August'),
(482, '2022-08-25', 35, 2022, 'Thursday', 'August'),
(483, '2022-08-26', 35, 2022, 'Friday', 'August'),
(484, '2022-08-27', 35, 2022, 'Saturday', 'August'),
(485, '2022-08-28', 36, 2022, 'Sunday', 'August'),
(486, '2022-08-29', 36, 2022, 'Monday', 'August'),
(487, '2022-08-30', 36, 2022, 'Tuesday', 'August'),
(488, '2022-08-31', 36, 2022, 'Wednesday', 'August'),
(489, '2022-09-01', 36, 2022, 'Thursday', 'September'),
(490, '2022-09-02', 36, 2022, 'Friday', 'September'),
(491, '2022-09-03', 36, 2022, 'Saturday', 'September'),
(492, '2022-09-04', 37, 2022, 'Sunday', 'September'),
(493, '2022-09-05', 37, 2022, 'Monday', 'September'),
(494, '2022-09-06', 37, 2022, 'Tuesday', 'September'),
(495, '2022-09-07', 37, 2022, 'Wednesday', 'September'),
(496, '2022-09-08', 37, 2022, 'Thursday', 'September'),
(497, '2022-09-09', 37, 2022, 'Friday', 'September'),
(498, '2022-09-10', 37, 2022, 'Saturday', 'September'),
(499, '2022-09-11', 38, 2022, 'Sunday', 'September'),
(500, '2022-09-12', 38, 2022, 'Monday', 'September'),
(501, '2022-09-13', 38, 2022, 'Tuesday', 'September'),
(502, '2022-09-14', 38, 2022, 'Wednesday', 'September'),
(503, '2022-09-15', 38, 2022, 'Thursday', 'September'),
(504, '2022-09-16', 38, 2022, 'Friday', 'September'),
(505, '2022-09-17', 38, 2022, 'Saturday', 'September'),
(506, '2022-09-18', 39, 2022, 'Sunday', 'September'),
(507, '2022-09-19', 39, 2022, 'Monday', 'September'),
(508, '2022-09-20', 39, 2022, 'Tuesday', 'September'),
(509, '2022-09-21', 39, 2022, 'Wednesday', 'September'),
(510, '2022-09-22', 39, 2022, 'Thursday', 'September'),
(511, '2022-09-23', 39, 2022, 'Friday', 'September'),
(512, '2022-09-24', 39, 2022, 'Saturday', 'September'),
(513, '2022-09-25', 40, 2022, 'Sunday', 'September'),
(514, '2022-09-26', 40, 2022, 'Monday', 'September'),
(515, '2022-09-27', 40, 2022, 'Tuesday', 'September'),
(516, '2022-09-28', 40, 2022, 'Wednesday', 'September'),
(517, '2022-09-29', 40, 2022, 'Thursday', 'September'),
(518, '2022-09-30', 40, 2022, 'Friday', 'September'),
(519, '2022-10-01', 40, 2022, 'Saturday', 'October'),
(520, '2022-10-02', 41, 2022, 'Sunday', 'October'),
(521, '2022-10-03', 41, 2022, 'Monday', 'October'),
(522, '2022-10-04', 41, 2022, 'Tuesday', 'October'),
(523, '2022-10-05', 41, 2022, 'Wednesday', 'October'),
(524, '2022-10-06', 41, 2022, 'Thursday', 'October'),
(525, '2022-10-07', 41, 2022, 'Friday', 'October'),
(526, '2022-10-08', 41, 2022, 'Saturday', 'October'),
(527, '2022-10-09', 42, 2022, 'Sunday', 'October'),
(528, '2022-10-10', 42, 2022, 'Monday', 'October'),
(529, '2022-10-11', 42, 2022, 'Tuesday', 'October'),
(530, '2022-10-12', 42, 2022, 'Wednesday', 'October'),
(531, '2022-10-13', 42, 2022, 'Thursday', 'October'),
(532, '2022-10-14', 42, 2022, 'Friday', 'October'),
(533, '2022-10-15', 42, 2022, 'Saturday', 'October'),
(534, '2022-10-16', 43, 2022, 'Sunday', 'October'),
(535, '2022-10-17', 43, 2022, 'Monday', 'October'),
(536, '2022-10-18', 43, 2022, 'Tuesday', 'October'),
(537, '2022-10-19', 43, 2022, 'Wednesday', 'October'),
(538, '2022-10-20', 43, 2022, 'Thursday', 'October'),
(539, '2022-10-21', 43, 2022, 'Friday', 'October'),
(540, '2022-10-22', 43, 2022, 'Saturday', 'October'),
(541, '2022-10-23', 44, 2022, 'Sunday', 'October'),
(542, '2022-10-24', 44, 2022, 'Monday', 'October'),
(543, '2022-10-25', 44, 2022, 'Tuesday', 'October'),
(544, '2022-10-26', 44, 2022, 'Wednesday', 'October'),
(545, '2022-10-27', 44, 2022, 'Thursday', 'October'),
(546, '2022-10-28', 44, 2022, 'Friday', 'October'),
(547, '2022-10-29', 44, 2022, 'Saturday', 'October'),
(548, '2022-10-30', 45, 2022, 'Sunday', 'October'),
(549, '2022-10-31', 45, 2022, 'Monday', 'October'),
(550, '2022-11-01', 45, 2022, 'Tuesday', 'November'),
(551, '2022-11-02', 45, 2022, 'Wednesday', 'November'),
(552, '2022-11-03', 45, 2022, 'Thursday', 'November'),
(553, '2022-11-04', 45, 2022, 'Friday', 'November'),
(554, '2022-11-05', 45, 2022, 'Saturday', 'November'),
(555, '2022-11-06', 46, 2022, 'Sunday', 'November'),
(556, '2022-11-07', 46, 2022, 'Monday', 'November'),
(557, '2022-11-08', 46, 2022, 'Tuesday', 'November'),
(558, '2022-11-09', 46, 2022, 'Wednesday', 'November'),
(559, '2022-11-10', 46, 2022, 'Thursday', 'November'),
(560, '2022-11-11', 46, 2022, 'Friday', 'November'),
(561, '2022-11-12', 46, 2022, 'Saturday', 'November'),
(562, '2022-11-13', 47, 2022, 'Sunday', 'November'),
(563, '2022-11-14', 47, 2022, 'Monday', 'November'),
(564, '2022-11-15', 47, 2022, 'Tuesday', 'November'),
(565, '2022-11-16', 47, 2022, 'Wednesday', 'November'),
(566, '2022-11-17', 47, 2022, 'Thursday', 'November'),
(567, '2022-11-18', 47, 2022, 'Friday', 'November'),
(568, '2022-11-19', 47, 2022, 'Saturday', 'November'),
(569, '2022-11-20', 48, 2022, 'Sunday', 'November'),
(570, '2022-11-21', 48, 2022, 'Monday', 'November'),
(571, '2022-11-22', 48, 2022, 'Tuesday', 'November'),
(572, '2022-11-23', 48, 2022, 'Wednesday', 'November'),
(573, '2022-11-24', 48, 2022, 'Thursday', 'November'),
(574, '2022-11-25', 48, 2022, 'Friday', 'November'),
(575, '2022-11-26', 48, 2022, 'Saturday', 'November'),
(576, '2022-11-27', 49, 2022, 'Sunday', 'November'),
(577, '2022-11-28', 49, 2022, 'Monday', 'November'),
(578, '2022-11-29', 49, 2022, 'Tuesday', 'November'),
(579, '2022-11-30', 49, 2022, 'Wednesday', 'November'),
(580, '2022-12-01', 49, 2022, 'Thursday', 'December'),
(581, '2022-12-02', 49, 2022, 'Friday', 'December'),
(582, '2022-12-03', 49, 2022, 'Saturday', 'December'),
(583, '2022-12-04', 50, 2022, 'Sunday', 'December'),
(584, '2022-12-05', 50, 2022, 'Monday', 'December'),
(585, '2022-12-06', 50, 2022, 'Tuesday', 'December'),
(586, '2022-12-07', 50, 2022, 'Wednesday', 'December'),
(587, '2022-12-08', 50, 2022, 'Thursday', 'December'),
(588, '2022-12-09', 50, 2022, 'Friday', 'December'),
(589, '2022-12-10', 50, 2022, 'Saturday', 'December'),
(590, '2022-12-11', 51, 2022, 'Sunday', 'December'),
(591, '2022-12-12', 51, 2022, 'Monday', 'December'),
(592, '2022-12-13', 51, 2022, 'Tuesday', 'December'),
(593, '2022-12-14', 51, 2022, 'Wednesday', 'December'),
(594, '2022-12-15', 51, 2022, 'Thursday', 'December'),
(595, '2022-12-16', 51, 2022, 'Friday', 'December'),
(596, '2022-12-17', 51, 2022, 'Saturday', 'December'),
(597, '2022-12-18', 52, 2022, 'Sunday', 'December'),
(598, '2022-12-19', 52, 2022, 'Monday', 'December'),
(599, '2022-12-20', 52, 2022, 'Tuesday', 'December'),
(600, '2022-12-21', 52, 2022, 'Wednesday', 'December'),
(601, '2022-12-22', 52, 2022, 'Thursday', 'December'),
(602, '2022-12-23', 52, 2022, 'Friday', 'December'),
(603, '2022-12-24', 52, 2022, 'Saturday', 'December'),
(604, '2022-12-25', 53, 2022, 'Sunday', 'December'),
(605, '2022-12-26', 53, 2022, 'Monday', 'December'),
(606, '2022-12-27', 53, 2022, 'Tuesday', 'December'),
(607, '2022-12-28', 53, 2022, 'Wednesday', 'December'),
(608, '2022-12-29', 53, 2022, 'Thursday', 'December'),
(609, '2022-12-30', 53, 2022, 'Friday', 'December'),
(610, '2022-12-31', 53, 2022, 'Saturday', 'December'),
(611, '2023-01-01', 1, 2023, 'Sunday', 'January'),
(612, '2023-01-02', 1, 2023, 'Monday', 'January'),
(613, '2023-01-03', 1, 2023, 'Tuesday', 'January'),
(614, '2023-01-04', 1, 2023, 'Wednesday', 'January'),
(615, '2023-01-05', 1, 2023, 'Thursday', 'January'),
(616, '2023-01-06', 1, 2023, 'Friday', 'January'),
(617, '2023-01-07', 1, 2023, 'Saturday', 'January'),
(618, '2023-01-08', 2, 2023, 'Sunday', 'January'),
(619, '2023-01-09', 2, 2023, 'Monday', 'January'),
(620, '2023-01-10', 2, 2023, 'Tuesday', 'January'),
(621, '2023-01-11', 2, 2023, 'Wednesday', 'January'),
(622, '2023-01-12', 2, 2023, 'Thursday', 'January'),
(623, '2023-01-13', 2, 2023, 'Friday', 'January'),
(624, '2023-01-14', 2, 2023, 'Saturday', 'January'),
(625, '2023-01-15', 3, 2023, 'Sunday', 'January'),
(626, '2023-01-16', 3, 2023, 'Monday', 'January'),
(627, '2023-01-17', 3, 2023, 'Tuesday', 'January'),
(628, '2023-01-18', 3, 2023, 'Wednesday', 'January'),
(629, '2023-01-19', 3, 2023, 'Thursday', 'January'),
(630, '2023-01-20', 3, 2023, 'Friday', 'January'),
(631, '2023-01-21', 3, 2023, 'Saturday', 'January'),
(632, '2023-01-22', 4, 2023, 'Sunday', 'January'),
(633, '2023-01-23', 4, 2023, 'Monday', 'January'),
(634, '2023-01-24', 4, 2023, 'Tuesday', 'January'),
(635, '2023-01-25', 4, 2023, 'Wednesday', 'January'),
(636, '2023-01-26', 4, 2023, 'Thursday', 'January'),
(637, '2023-01-27', 4, 2023, 'Friday', 'January'),
(638, '2023-01-28', 4, 2023, 'Saturday', 'January'),
(639, '2023-01-29', 5, 2023, 'Sunday', 'January'),
(640, '2023-01-30', 5, 2023, 'Monday', 'January'),
(641, '2023-01-31', 5, 2023, 'Tuesday', 'January');

-- --------------------------------------------------------

--
-- Table structure for table `hashtag_dim`
--

CREATE TABLE `hashtag_dim` (
  `hashtag_id` int NOT NULL,
  `hashtag_name` varchar(17) DEFAULT NULL
) ENGINE=InnoDB DEFAULT CHARSET=utf8mb4 COLLATE=utf8mb4_general_ci;

--
-- Dumping data for table `hashtag_dim`
--

INSERT INTO `hashtag_dim` (`hashtag_id`, `hashtag_name`) VALUES
(1, 'moona_hoshinova'),
(2, 'kureiji_ollie'),
(3, 'kobokanaeru');

-- --------------------------------------------------------

--
-- Table structure for table `hashtag_tweet_fact`
--

CREATE TABLE `hashtag_tweet_fact` (
  `hashtag_id` int NOT NULL,
  `date_id` int NOT NULL,
  `centrality` double DEFAULT NULL,
  `density` double DEFAULT NULL,
  `avg_clustering_coef` double DEFAULT NULL,
  `reciprocity` double DEFAULT NULL
) ENGINE=InnoDB DEFAULT CHARSET=utf8mb4 COLLATE=utf8mb4_general_ci;

--
-- Dumping data for table `hashtag_tweet_fact`
--

INSERT INTO `hashtag_tweet_fact` (`hashtag_id`, `date_id`, `centrality`, `density`, `avg_clustering_coef`, `reciprocity`) VALUES
(1, 520, 0.999999998, 0.045584046, 0, 0),
(2, 520, 1, 0.065934066, 0, 0),
(3, 520, 0.40824829, 0.027665317, 0, 0);

-- --------------------------------------------------------

--
-- Table structure for table `stream_fact`
--

CREATE TABLE `stream_fact` (
  `user_id` varchar(21) NOT NULL,
  `date_id` int NOT NULL,
  `topic_mapping_id` varchar(15) NOT NULL,
  `superchat_count` int NOT NULL,
  `revenue_total` double NOT NULL
) ENGINE=InnoDB DEFAULT CHARSET=utf8mb4 COLLATE=utf8mb4_general_ci;

--
-- Dumping data for table `stream_fact`
--

INSERT INTO `stream_fact` (`user_id`, `date_id`, `topic_mapping_id`, `superchat_count`, `revenue_total`) VALUES
('1234753886520393729', 439, '1z68apYFFms', 13, 37.78244173978595),
('1234753886520393729', 439, 'Fe0oqecrAHY', 13, 48.80529027311095),
('1234753886520393729', 439, 'XNmm5VIOztI', 55, 302.09791812312636),
('1234753886520393729', 440, 'lqVRmCG35e4', 96, 514.2627501122998),
('1234753886520393729', 441, '4q_NatExtXM', 61, 333.92906477065594),
('1234753886520393729', 442, 'pq5Xk-3JhiI', 38, 265.9037322420547),
('1234753886520393729', 443, '1dekQn1IW2g', 18, 89.71203804153144),
('1234753886520393729', 444, '8TxZIV8LNmk', 51, 295.95728395012026),
('1234753886520393729', 445, '2vwgl_ZsDgU', 21, 93.07271342592767),
('1234753886520393729', 446, 'k6iTK-pCyNE', 56, 257.34818261776866),
('1234753886520393729', 451, 'YpubdYLkIZo', 200, 1513.3808058472716),
('1234753886520393729', 453, 'g9t5VqfklLI', 143, 624.6521837569579),
('1234753886520393729', 456, 'c9kSKmUPrWA', 126, 477.33349425948165),
('1234753886520393729', 459, 'mMGz_C8qe2A', 80, 478.04330854210383),
('1234753886520393729', 464, 'Br8EnWMhtEw', 121, 552.1781212883777),
('1234753886520393729', 467, 'xjmXD3MDG1I', 55, 235.1361175281612),
('1234753886520393729', 468, 'hX8W7Yhd3L4', 58, 230.5215889872062),
('1234753886520393729', 468, 'NyJG8AP067s', 33, 234.49012899327496),
('1234753886520393729', 471, 'bjVlMl7dsok', 28, 119.84618010917329),
('1234753886520393729', 472, 't2u0H_8yUDI', 11, 43.380712591701794),
('1234753886520393729', 473, 'VtG30MjdNPg', 46, 293.9494164761667),
('1234753886520393729', 474, 'LDciHyZL0PM', 35, 185.408200215533),
('1234753886520393729', 478, '7rAMWcP2H94', 55, 401.1654073247618),
('1234753886520393729', 479, 'bb1KQuaF9cM', 24, 95.4585168718682),
('1234753886520393729', 481, 'HfRyoUFBkLM', 32, 110.35014081156726),
('1234753886520393729', 490, 'ERnGfQ_SiNU', 136, 731.2856969130445),
('1234753886520393729', 493, 'OJINBniofr4', 34, 203.34318505596443),
('1234753886520393729', 494, 'rqoI9T8JwwM', 20, 125.02746446776862),
('1234753886520393729', 495, 'rMtnxIshI3I', 9, 37.86354185014522),
('1234753886520393729', 495, 'uZN5tFi-mmY', 42, 335.3662879758659),
('1234753886520393729', 496, '2MNMVP5tFhQ', 37, 149.15786377558877),
('1234753886520393729', 497, '_4zquoE0z-Y', 26, 135.29494706798997),
('1234753886520393729', 498, 'F8AjENJAY9k', 81, 442.88306849548894),
('1234753886520393729', 501, 'LqlsfwJ1N5E', 65, 300.2838311499105),
('1234753886520393729', 504, '_VKWFWDGhSQ', 902, 6592.054935553805),
('1234753886520393729', 512, 'SeDgkAeq0lE', 100, 588.1398803726688),
('1234753886520393729', 513, 'zq4al72jERE', 16, 84.55659864282337),
('1234753886520393729', 518, 'JSHIt0qHDik', 97, 305.0105043548683),
('1234753886520393729', 520, 'SWNln_fEkm0', 22, 91.68393735704493),
('1234753886520393729', 522, 'fIIyVRnkCLU', 40, 245.67886052239544),
('1234753886520393729', 523, 'bBo_2RGVigw', 85, 342.274362441465),
('1234753886520393729', 525, 'F60R01MYErg', 122, 690.6682183170894),
('1234753886520393729', 527, '4e_bnrJZAYA', 91, 515.2205915044088),
('1234753886520393729', 528, 'n_kDpSLhasI', 22, 104.0783380378773),
('1234753886520393729', 531, 'YDHvXsby4ug', 11, 44.55547471330964),
('1234753886520393729', 532, '6HvucV2hVXE', 51, 206.71589423987893),
('1234753886520393729', 533, 'HwtXOg0eY6M', 15, 55.07130339625612),
('1234753886520393729', 540, 'iuASy8A7s_o', 49, 230.22649354832097),
('1234753886520393729', 540, 'qbsZmewZ5e0', 15, 48.006257062861835),
('1328277233492844544', 482, 'eODzM7JT_kc', 17, 71.62113047503725),
('1328277233492844544', 482, 'i4mg5yU9Iu8', 42, 209.25734326561556),
('1328277233492844544', 483, 'MY_pTi6-oDw', 22, 86.57111380174956),
('1328277233492844544', 485, 'PP7rb6wQln8', 4, 12.411330483955188),
('1328277233492844544', 490, '1t91pKLIGD0', 100, 764.4864966928582),
('1328277233492844544', 490, 'H4OO5ldlRXg', 42, 284.6411144555289),
('1328277233492844544', 491, 'WvTRrz4_Aw8', 9, 32.52603902298984),
('1328277233492844544', 492, '2foRRbl2kao', 3, 7.212942975824956),
('1328277233492844544', 492, 'k1-pCeYrS9Y', 9, 82.34600132909685),
('1328277233492844544', 493, '5EL8JDGDf9s', 29, 258.88961789428527),
('1328277233492844544', 495, '2ojaGGLTaA8', 61, 402.31792436846126),
('1328277233492844544', 495, '7hYzR-Fi0Cg', 18, 55.25145081758396),
('1328277233492844544', 497, '1OBB4XGmm4E', 25, 126.5405662743819),
('1328277233492844544', 498, 'bxQfpwZdEdY', 33, 225.7022939666633),
('1328277233492844544', 499, 'uVMF5GHywdQ', 99, 778.6923517820458),
('1328277233492844544', 503, '0UTlPun9dLc', 16, 106.80834388603617),
('1328277233492844544', 504, 'KDUgpBrdsjs', 29, 181.98704326429493),
('1328277233492844544', 507, 'Igb-H_nb56g', 161, 1231.7424942722794),
('1328277233492844544', 509, 'Lf5QHJVU-TU', 13, 55.34722739933917),
('1328277233492844544', 512, '7M4cFHTh1xg', 5, 24.950000000000003),
('1328277233492844544', 513, 'POC82ijA83Q', 2, 9.98),
('1328277233492844544', 514, 'GpCyqtQOobw', 111, 819.4253552400152),
('1328277233492844544', 515, 'T5fq8p7UqAo', 31, 228.46794972235742),
('1328277233492844544', 516, 'mkoAisY3NiU', 82, 499.460767972949),
('1328277233492844544', 517, 't5ATHTKu4AU', 50, 195.27605793874838),
('1328277233492844544', 518, 'coNAafX9fcQ', 73, 296.5745808153106),
('1328277233492844544', 518, 'ejOkWDUOYq0', 12, 53.83319504746013),
('1328277233492844544', 519, 'U3YfTQWncOU', 45, 216.94280349492314),
('1328277233492844544', 521, 'PMnJV_S8OmI', 32, 627.1107952634363),
('1328277233492844544', 522, 'Bzfb0dISsIs', 69, 849.6842648872737),
('1328277233492844544', 522, 'FxOyhmBgRY8', 8, 43.91665362323509),
('1328277233492844544', 523, 'BN-D-cqgZ3Q', 6, 20.882307109561598),
('1328277233492844544', 523, 'Z-4mdbDD-pw', 20, 127.75596573150374),
('1328277233492844544', 524, 'JjZ0SOy9rjs', 7, 31.70556355609701),
('1328277233492844544', 525, 'iMocMcgHgFk', 2, 8.261869703756414),
('1328277233492844544', 526, 'nIN3J-ZyqDU', 24, 374.68082031326986),
('1328277233492844544', 528, 'oPI6iaqF36k', 53, 255.29835455525617),
('1328277233492844544', 529, '8DgdgmoTTbQ', 6, 25.250066975328686),
('1328277233492844544', 530, '8PdMo2aAYac', 242, 2604.5987823404844),
('1328277233492844544', 531, 'rm5SkKq6OeE', 155, 1539.0229890386922),
('1328277233492844544', 533, 'dqQjmYxaGHo', 85, 395.16276376721055),
('1328277233492844544', 535, 'UIdqiOVtie8', 3, 14.897620029269675),
('1328277233492844544', 536, 'PfzUp3A_DXc', 36, 308.6724628097458),
('1328277233492844544', 536, 'T1U7yKtgVQ0', 24, 144.11098593885944),
('1328277233492844544', 538, 'N7ERcSH42Vk', 4, 18.187404904192764),
('1328277233492844544', 539, 'LXBiQWTq6a0', 31, 98.10773612175005),
('1328277233492844544', 540, 'czClgd95xlY', 26, 382.06279131766405),
('1328277233492844544', 540, 'SOvlhdkhyHI', 5, 21.96),
('1486629076005634049', 457, 'bgZK1LwOjpg', 76, 258.1800127266664),
('1486629076005634049', 457, 'fursjoWG1mM', 43, 166.24252843328884),
('1486629076005634049', 461, 'ACKpXBso9ZE', 228, 1018.3977525847927),
('1486629076005634049', 462, 'LFRnV1gIQDg', 98, 367.28573319445826),
('1486629076005634049', 466, 'yp2DuPF53wM', 66, 391.47135334471596),
('1486629076005634049', 467, 'oFYoep0BZEs', 92, 308.7498413129146),
('1486629076005634049', 469, 'oTXmx2aWh-A', 105, 443.09926260277),
('1486629076005634049', 471, '1LWLFloakec', 231, 767.5712000757375),
('1486629076005634049', 478, 'tg4j4FQmcLI', 549, 2445.7923777221395),
('1486629076005634049', 479, '1jeQfcFAzyA', 89, 360.04589767845084),
('1486629076005634049', 484, '5bsiPsnTIdg', 230, 922.4920066597663),
('1486629076005634049', 484, 'xMvlhDe9mrg', 93, 397.00305447272126),
('1486629076005634049', 485, 'h002DcZodpw', 66, 308.29658946747486),
('1486629076005634049', 487, 'nkTIJJEWbcM', 174, 789.3488271705434),
('1486629076005634049', 489, 'ObeIRGomvLI', 77, 250.9898877014655),
('1486629076005634049', 490, '6qknqtJbinw', 116, 526.5149254002425),
('1486629076005634049', 490, 'Z_qFbbrci2g', 33, 123.41887927200366),
('1486629076005634049', 491, 'CgTukjwIQJM', 41, 142.83448359792263),
('1486629076005634049', 492, 'mwTlL7IdB50', 254, 1073.1387088403078),
('1486629076005634049', 492, 'PjzD5Kr2kUA', 53, 168.1724020062656),
('1486629076005634049', 495, 'FnpBM5dykWA', 119, 534.9695301274573),
('1486629076005634049', 496, '2CpcyYyDrL0', 44, 166.36335216100724),
('1486629076005634049', 497, 'fVtBfaNP0mM', 129, 522.6872333568951),
('1486629076005634049', 498, '4Q4VhQvtwRE', 93, 332.0329427051862),
('1486629076005634049', 501, '-f0nADv4bfw', 129, 382.6538488644025),
('1486629076005634049', 502, 'KmXG7tBwRB0', 61, 149.99331147516313),
('1486629076005634049', 502, 'kPDrbbRPAlQ', 43, 280.414351066428),
('1486629076005634049', 503, 'BOhjAPTeBQk', 18, 81.25404870599517),
('1486629076005634049', 503, 'YSYeKOtKHVw', 2, 9.98),
('1486629076005634049', 505, 'lJm3qGotfhM', 29, 150.9636523508776),
('1486629076005634049', 506, 'b1MxDbqhbbg', 215, 941.8375865846233),
('1486629076005634049', 509, 'p3T1gwl12ME', 137, 562.8398906457139),
('1486629076005634049', 510, 'hRdVs98TWwI', 65, 285.6651237373766),
('1486629076005634049', 510, 'YSnUsPQ_uqc', 122, 449.3882753418531),
('1486629076005634049', 511, '2kPCrKFRtuI', 431, 2352.7930211904572),
('1486629076005634049', 513, 'zbqZvuaoSjg', 40, 153.4823009826001),
('1486629076005634049', 514, 'Y3tOYIknCkI', 219, 1045.0075869300922),
('1486629076005634049', 516, 'yoa0VLEJxAg', 92, 382.88018724401775),
('1486629076005634049', 517, '2q7tbugAk-0', 37, 136.78394513412073),
('1486629076005634049', 522, 'C7yBIQzXeV0', 283, 1092.899949289482),
('1486629076005634049', 523, 'dOZFI5uh3Lc', 74, 296.65737666309855),
('1486629076005634049', 524, '18Xi80YFkeM', 30, 146.02032763066563),
('1486629076005634049', 526, '0PInPMVATRk', 14, 58.64838354722106),
('1486629076005634049', 526, 'QEurMINMrrk', 70, 245.29064949899038),
('1486629076005634049', 539, 'kKpyAdT4xt8', 451, 2557.989109821718),
('1486629076005634049', 539, 'YXBhmtSindw', 76, 363.3006452412752),
('1486629076005634049', 540, 'O4b5hoBQkhQ', 65, 349.96201537720617);

-- --------------------------------------------------------

--
-- Table structure for table `topic_dim`
--

CREATE TABLE `topic_dim` (
  `topic_id` int NOT NULL,
  `topic_title` tinytext
) ENGINE=InnoDB DEFAULT CHARSET=utf8mb4 COLLATE=utf8mb4_general_ci;

--
-- Dumping data for table `topic_dim`
--

INSERT INTO `topic_dim` (`topic_id`, `topic_title`) VALUES
(15, 'Casual game'),
(16, 'Video game culture'),
(17, 'Action-adventure game'),
(18, 'Action game'),
(19, 'Role-playing video game'),
(20, 'Sports game'),
(21, 'Puzzle video game'),
(22, 'Strategy video game'),
(23, 'Lifestyle (sociology)'),
(24, 'Entertainment'),
(25, 'Film'),
(26, 'Music of Asia'),
(27, 'Music'),
(28, 'Technology');

-- --------------------------------------------------------

--
-- Table structure for table `topic_mappings_dim`
--

CREATE TABLE `topic_mappings_dim` (
  `topic_id` int NOT NULL,
  `topic_mapping_id` varchar(15) NOT NULL
) ENGINE=InnoDB DEFAULT CHARSET=utf8mb4 COLLATE=utf8mb4_general_ci;

--
-- Dumping data for table `topic_mappings_dim`
--

INSERT INTO `topic_mappings_dim` (`topic_id`, `topic_mapping_id`) VALUES
(15, 'bgZK1LwOjpg'),
(15, 'dOZFI5uh3Lc'),
(15, 'O4b5hoBQkhQ'),
(16, '-f0nADv4bfw'),
(16, '0PInPMVATRk'),
(16, '18Xi80YFkeM'),
(16, '1jeQfcFAzyA'),
(16, '2CpcyYyDrL0'),
(16, '2q7tbugAk-0'),
(16, '4Q4VhQvtwRE'),
(16, '6qknqtJbinw'),
(16, 'bgZK1LwOjpg'),
(16, 'BOhjAPTeBQk'),
(16, 'CgTukjwIQJM'),
(16, 'dOZFI5uh3Lc'),
(16, 'FnpBM5dykWA'),
(16, 'fursjoWG1mM'),
(16, 'fVtBfaNP0mM'),
(16, 'h002DcZodpw'),
(16, 'hRdVs98TWwI'),
(16, 'kKpyAdT4xt8'),
(16, 'KmXG7tBwRB0'),
(16, 'kPDrbbRPAlQ'),
(16, 'LFRnV1gIQDg'),
(16, 'lJm3qGotfhM'),
(16, 'O4b5hoBQkhQ'),
(16, 'ObeIRGomvLI'),
(16, 'oFYoep0BZEs'),
(16, 'oTXmx2aWh-A'),
(16, 'p3T1gwl12ME'),
(16, 'PjzD5Kr2kUA'),
(16, 'QEurMINMrrk'),
(16, 'xMvlhDe9mrg'),
(16, 'yp2DuPF53wM'),
(16, 'YSnUsPQ_uqc'),
(16, 'YSYeKOtKHVw'),
(16, 'YXBhmtSindw'),
(16, 'Z_qFbbrci2g'),
(16, 'zbqZvuaoSjg'),
(17, '-f0nADv4bfw'),
(17, '18Xi80YFkeM'),
(17, '1jeQfcFAzyA'),
(17, '2CpcyYyDrL0'),
(17, '2q7tbugAk-0'),
(17, '4Q4VhQvtwRE'),
(17, 'BOhjAPTeBQk'),
(17, 'CgTukjwIQJM'),
(17, 'dOZFI5uh3Lc'),
(17, 'FnpBM5dykWA'),
(17, 'fursjoWG1mM'),
(17, 'fVtBfaNP0mM'),
(17, 'h002DcZodpw'),
(17, 'hRdVs98TWwI'),
(17, 'KmXG7tBwRB0'),
(17, 'kPDrbbRPAlQ'),
(17, 'LFRnV1gIQDg'),
(17, 'lJm3qGotfhM'),
(17, 'ObeIRGomvLI'),
(17, 'oFYoep0BZEs'),
(17, 'oTXmx2aWh-A'),
(17, 'p3T1gwl12ME'),
(17, 'PjzD5Kr2kUA'),
(17, 'xMvlhDe9mrg'),
(17, 'yp2DuPF53wM'),
(17, 'YSnUsPQ_uqc'),
(17, 'YSYeKOtKHVw'),
(17, 'YXBhmtSindw'),
(17, 'Z_qFbbrci2g'),
(17, 'zbqZvuaoSjg'),
(18, '-f0nADv4bfw'),
(18, '1jeQfcFAzyA'),
(18, '2CpcyYyDrL0'),
(18, '2q7tbugAk-0'),
(18, '4Q4VhQvtwRE'),
(18, '6qknqtJbinw'),
(18, 'bgZK1LwOjpg'),
(18, 'BOhjAPTeBQk'),
(18, 'CgTukjwIQJM'),
(18, 'FnpBM5dykWA'),
(18, 'fursjoWG1mM'),
(18, 'h002DcZodpw'),
(18, 'hRdVs98TWwI'),
(18, 'LFRnV1gIQDg'),
(18, 'lJm3qGotfhM'),
(18, 'ObeIRGomvLI'),
(18, 'oFYoep0BZEs'),
(18, 'oTXmx2aWh-A'),
(18, 'PjzD5Kr2kUA'),
(18, 'yp2DuPF53wM'),
(18, 'YSnUsPQ_uqc'),
(18, 'YSYeKOtKHVw'),
(18, 'YXBhmtSindw'),
(18, 'Z_qFbbrci2g'),
(19, '-f0nADv4bfw'),
(19, '0PInPMVATRk'),
(19, '1jeQfcFAzyA'),
(19, '2q7tbugAk-0'),
(19, '4Q4VhQvtwRE'),
(19, '6qknqtJbinw'),
(19, 'CgTukjwIQJM'),
(19, 'FnpBM5dykWA'),
(19, 'fVtBfaNP0mM'),
(19, 'h002DcZodpw'),
(19, 'hRdVs98TWwI'),
(19, 'KmXG7tBwRB0'),
(19, 'kPDrbbRPAlQ'),
(19, 'LFRnV1gIQDg'),
(19, 'lJm3qGotfhM'),
(19, 'oFYoep0BZEs'),
(19, 'oTXmx2aWh-A'),
(19, 'p3T1gwl12ME'),
(19, 'PjzD5Kr2kUA'),
(19, 'xMvlhDe9mrg'),
(19, 'yp2DuPF53wM'),
(19, 'YXBhmtSindw'),
(19, 'Z_qFbbrci2g'),
(19, 'zbqZvuaoSjg'),
(20, '0PInPMVATRk'),
(21, 'bgZK1LwOjpg'),
(21, 'BOhjAPTeBQk'),
(21, 'dOZFI5uh3Lc'),
(21, 'kPDrbbRPAlQ'),
(21, 'lJm3qGotfhM'),
(21, 'QEurMINMrrk'),
(21, 'xMvlhDe9mrg'),
(21, 'YSnUsPQ_uqc'),
(21, 'zbqZvuaoSjg'),
(22, '2CpcyYyDrL0'),
(22, 'bgZK1LwOjpg'),
(22, 'CgTukjwIQJM'),
(22, 'dOZFI5uh3Lc'),
(22, 'h002DcZodpw'),
(22, 'oFYoep0BZEs'),
(22, 'zbqZvuaoSjg'),
(23, '1LWLFloakec'),
(23, 'C7yBIQzXeV0'),
(24, '2kPCrKFRtuI'),
(24, 'mwTlL7IdB50'),
(24, 'nkTIJJEWbcM'),
(25, '2kPCrKFRtuI'),
(25, 'mwTlL7IdB50'),
(25, 'nkTIJJEWbcM'),
(26, '2kPCrKFRtuI');

-- --------------------------------------------------------

--
-- Table structure for table `tweet_fact`
--

CREATE TABLE `tweet_fact` (
  `user_id` varchar(21) NOT NULL,
  `date_id` int NOT NULL,
  `tweet_content` varchar(350) NOT NULL,
  `retweet_count` int DEFAULT NULL,
  `centrality` double DEFAULT NULL,
  `density` double DEFAULT NULL,
  `avg_clustering_coef` double DEFAULT NULL,
  `reciprocity` double DEFAULT NULL
) ENGINE=InnoDB DEFAULT CHARSET=utf8mb4 COLLATE=utf8mb4_general_ci;

--
-- Dumping data for table `tweet_fact`
--

INSERT INTO `tweet_fact` (`user_id`, `date_id`, `tweet_content`, `retweet_count`, `centrality`, `density`, `avg_clustering_coef`, `reciprocity`) VALUES
('1234753886520393729', 461, 'BENAR SEKALI beli mug bekas bibir moona serasa ciuman tidak langsung   Kapan lagi bisa merasakan ciuman tidak langsungnya anime ? hanya di TOKOPEDIA https://t.co/Kmzk8fgcvd https://t.co/6uv0TGHrAo', 68, 0.9995476134756879, 0.5, 0, 0),
('1234753886520393729', 461, 'I CANT BREATHE ', 165, 0.9997559485782178, 0.2, 0, 0),
('1234753886520393729', 461, 'moona baru sampai apartment... nunggu dari jam 11 sampai jam 4 buat tanda tangan, eh dosennya udah gak ada ', 65, 0.9999256182476398, 0.3333333333333333, 0, 0),
('1234753886520393729', 461, 'Paling suka makan strawberry pake gula batu  https://t.co/bM2Qkv47Cq', 132, 0.9998548726442968, 0.5, 0, 0),
('1234753886520393729', 461, 'Sarapan dengan yang berminyak. Karena gak sempet makan yang aman. Yang penting kenyang dulu deh!  https://t.co/UcAExBG4NF', 144, 0.9999256475397207, 1, 0, 0),
('1234753886520393729', 461, 'Sayang ayang, sayang ayang  Merch ayangnya sekarang sudah dijual di tokped lohhhh  Ayo beli sebelum kehabisan  Kalian sayang aku kan?  https://t.co/fge6dkS019', 167, 0.9996628455559531, 0.25, 0, 0),
('1234753886520393729', 461, 'Today I woke up at 3:30 because last night, I asked my mom to wake me up, so I wont be late for my thesis defence. I didnt know shell wake me up at 3 AM.  But it was a welcome one. Wwww', 176, 0.9999314782088171, 0.5, 0, 0),
('1234753886520393729', 462, 'exactly. untung gratis. setidaknya bisa nutup mata sambil makan popcorn. https://t.co/QVMitxSY3P', 69, 0.9995411784995344, 1, 0, 0),
('1234753886520393729', 462, 'Guess not that late ', 106, 0.9982743715556598, 1, 0, 0),
('1234753886520393729', 462, 'Heeeeeyy guyssss are you ready for CRX??!?!? i saw the place at that time using purple colourI, so I asked Mchan to take a picture of me wwwwww #CRX2022  #hololiveMeet https://t.co/ZUSJPcVPXu', 422, 0.9998313801433704, 0.5, 0, 0),
('1234753886520393729', 462, 'I woke up in shock because im late!!!!! So i immediately take a shower and do makeup ', 125, 0.9997959808044741, 0.5, 0, 0),
('1234753886520393729', 462, 'So I just watched Pengabdi Setan 2 80% of the movies that I watched were black screen Because most of it, I closed my eyes and do imagination ', 283, 0.9995635749863659, 0.14285714285714285, 0, 0),
('1234753886520393729', 463, 'Are you ready for tonight\'s karaoke?! I want to celebrate because I\'m GRADUATE (well not officially, but I finish my college degree with a nice score) !!!!  Stream start 8PM GMT+7  URL: https://t.co/oL4daF6LSA #MoonUtau https://t.co/80L3qJi4vL', 537, 0.9998764856593031, 0.125, 0, 0),
('1234753886520393729', 463, 'CRX is sooo funnn  i have a really good time talking with a lot of gorgeous people', 93, 1, 0, 0, 0),
('1234753886520393729', 463, 'Cute bae! www https://t.co/Cuy9XNOoaT', 71, 1, 0, 0, 0),
('1234753886520393729', 463, 'New Room!! https://t.co/6KFWytoWG6 https://t.co/3TMPOSuzEt', 152, 1, 0, 0, 0),
('1234753886520393729', 463, 'Thankyou everyone for watching my moonutau unarchive!', 110, 0.9998529877461563, 0.3333333333333333, 0, 0),
('1234753886520393729', 463, 'Tonight i will stream!!! how about singing!??!?!?', 146, 1, 0, 0, 0),
('1234753886520393729', 464, 'heeeeeeeeloooo!! today I will stream Minecraft! I hope it\'s gonna be the last thing i do for the arena lol  stream start at 1PM GMT+7!!  URL : https://t.co/19Hp7spPeq #MoonArchitect https://t.co/TBV3Gseqyh', 195, 1, 0, 0, 0),
('1234753886520393729', 464, 'I forgot that it was volley!!!  It\'s so fun talking with you! https://t.co/BCWTbojO2T', 86, 0.9486832651375506, 1, 0, 0),
('1234753886520393729', 464, 'My food is not arrive yettttt  Probably gonna eat on stream  Been waiting for like 45 minutes ', 111, 0.9996876461979296, 1, 0, 0),
('1234753886520393729', 464, 'Thankyou everyone for today minecraft!! https://t.co/zQTRJppaLP', 132, 0.9997098084561077, 0.25, 0, 0),
('1234753886520393729', 464, 'Thankyou so much too  Please take a rest! https://t.co/S8B7ZjXYk6', 62, 1, 0, 0, 0),
('1234753886520393729', 464, 'Uwoooooo https://t.co/nl0pVXf6lE', 63, 1, 0, 0, 0),
('1234753886520393729', 465, ' https://t.co/33NdLmb5Sc', 215, 0.9993902066239417, 0.5, 0, 0),
('1234753886520393729', 465, 'English telephone game is so fun!!!  Some word may be hard but i think all the member managed it well. Thankyou lui-chan for inviting me!', 288, 0.9999519449388408, 1, 0, 0),
('1234753886520393729', 466, 'bayangin kamu latihan vocal, disuruh jalan ala ala model, squad sambil nyanyi, peregangan kaki dan tangan, sit up dan juga plank sambil nyanyi.  Bayangin. https://t.co/3R0D40DHsD', 52, 0.9994005392904504, 0.3333333333333333, 0, 0),
('1234753886520393729', 466, 'Tomorrow I will stream Age of Empires II with Anya, Reine, Kaela and Kobo!!! the stream starts at 8PM GMT+7  See you later!!! URL : https://t.co/ESscJtu0S9 https://t.co/C8qflz1ycx', 376, 0.9995220765721552, 0.16666666666666666, 0, 0),
('1234753886520393729', 467, 'Otsuuu!! it\'s so fuuunnn!!!!!! https://t.co/ZoMnxb3fNR', 82, 1, 0, 0, 0),
('1234753886520393729', 467, 'Tomorrow we gonna do Pagi Moona!! stream start at 8AM GMT+7  See u later! https://t.co/UINmnMkUwM https://t.co/K9fnCSLCDu', 142, 1, 0, 0, 0),
('1234753886520393729', 467, '', 157, 0.9989611927461748, 0.25, 0, 0),
('1234753886520393729', 468, 'Heeeyyoo! i will stream rust at 9PM!! See you!!  URL : https://t.co/ZWmwF506Oj https://t.co/WiAWzvquTV', 194, 1, 0, 0, 0),
('1234753886520393729', 471, 'PENGUMUMAN  holoID CUP 2022 16/8(Selasa)11:00 GMT+7  Ini adalah event pertama holoID untuk memeriahkan tujuhbelasan dan akan diikuti oleh talent dari ID,EN,dan JP  holoID akan menggelarkan festival olahraga lintas cabang Ayo dukung kami di event nanti ya https://t.co/eEy7AjddxO', 2735, 0.9954684033723998, 0.08333333333333333, 0, 0),
('1234753886520393729', 471, 'Moona no UMA!!! I will play rust in 30 mins!!!  URL : https://t.co/Cbh25HXruw https://t.co/t2wGTV4u30', 201, 1, 0, 0, 0),
('1234753886520393729', 472, '?!?!?!?! https://t.co/Mii7wUJPcS', 229, 0.999063815673413, 0.3333333333333333, 0, 0),
('1234753886520393729', 472, 'guess i\'m stuck. https://t.co/3SYYLBGd2u', 243, 0.999822047938505, 0.25, 0, 0),
('1234753886520393729', 472, 'hello guys! we will explain more about the holoID Cup 2022! This time we also have Anya as JP Translator!!   Stream start at 6:30 PM GMT+7 / 8:30 PM JST! URL : https://t.co/8mz1tpMYY0 #holoIDCup2022 https://t.co/8bgECiO7kc', 1052, 0.9988857933816659, 0.25, 0, 0),
('1234753886520393729', 472, 'start! https://t.co/848kbb7S2A', 131, 1, 0, 0, 0),
('1234753886520393729', 473, 'holoID CUP 2022 FINISH!! Thank you so much everyone for today!!  #holoIDCup2022 https://t.co/dulFgvGV2L', 1515, 0.9995149610758969, 0.14285714285714285, 0, 0),
('1234753886520393729', 473, 'holoID CUP 2022 TOMORROW! 16/8(Selasa)11:00 GMT+7  Let\'s have fun together!!! Organizer POV : https://t.co/HPvBDmxU4U  #holoIDCup2022 https://t.co/ydOm5rZifV', 775, 0.9996349695413369, 1, 0, 0),
('1234753886520393729', 473, 'can i sing?', 173, 0.9999877465217069, 1, 0, 0),
('1234753886520393729', 473, 'i want to sing  URL : https://t.co/vQFgQj8kho https://t.co/aEIZHIjlyR', 368, 1, 0, 0, 0),
('1234753886520393729', 473, 'UWOOOOOOOOOOOO https://t.co/nrLkbljZtL', 370, 0.9998979747917075, 1, 0, 0),
('1234753886520393729', 474, 'Hey, i want to talk about the recent event while we cleaning up the holoID server! Stream start at 8:00 WIB/GMT+7  URLhttps://t.co/1krV5CLomd #MoonArchitect #holoIDCup2022 https://t.co/KgS1qtaZ48', 167, 1, 0, 0, 0),
('1234753886520393729', 474, 'otsumoon! i\'m sorry guys, my cold urticaria is acting up so I had to end the stream I will read the donation tomorrow or the other day! i promise!!!', 119, 0.9999269565612773, 0.5, 0, 0),
('1234753886520393729', 475, 'Hari ini gak streaming yah teman2 Moona lagi gak enak badan  Semoga besok udah enakan ya  Terimakasih', 139, 0.9998127000175128, 0.16666666666666666, 0, 0),
('1234753886520393729', 476, 'Ah... I accidentally order 2 same foods...  Does anyone want to help? @pavoliareine @kureijiollie ? Its a diet food. Only 390 kkal. https://t.co/jVr3LQSbrN', 271, 0.6329788587131581, 0.25, 0, 0),
('1234753886520393729', 476, 'https://t.co/7UPUNPbKXT', 334, 0.9999269565612773, 0.5, 0, 0),
('1234753886520393729', 478, 'I heard that there is another way to get scraps easy with fishing?!  I want to try!!!  8PM GMT+7 URL : https://t.co/ZoGMzDW1Vs  #GeeMoon https://t.co/X7K2F0YMnX', 205, 0.9994237969773462, 0.3333333333333333, 0, 0),
('1234753886520393729', 479, 'do i still need a TC? because i can\'t put my tc somehow https://t.co/6bRE0MFI63', 56, 0.9923721204143318, 0.5, 0, 0),
('1234753886520393729', 479, 'Moona no Umaaaaaaaaaaaaaaa https://t.co/tHDCatrSrm', 404, 0.999896501684846, 0.25, 0, 0),
('1234753886520393729', 479, 'Saatnya berkerja Mari...  8PM GMT+7 https://t.co/aOxRVXth10 https://t.co/J1QlLGeX2k', 136, 0.9978436627245079, 0.5, 0, 0),
('1234753886520393729', 479, 'simple happy https://t.co/B0Eicl0UfZ', 93, 1, 0, 0, 0),
('1234753886520393729', 480, 'ehhh??? someone really buy my c4 ?!?!?!? https://t.co/ETFh11QFTp', 204, 0.9993119350243909, 0.09090909090909091, 0, 0),
('1234753886520393729', 480, 'how many scraps should i put for rocket launcher?', 149, 0.9995467929456865, 0.14285714285714285, 0, 0),
('1234753886520393729', 480, 'Kayaknya moona kebanyakan main rust deh. Ampe mimpi ancurin mobil demi scraps ', 105, 0.9999497044793542, 0.5, 0, 0),
('1234753886520393729', 480, 'Moona butuh healing sepertinya tadi beberes banyak banget kacang dirumah. Udah saatnya melepas peanut', 88, 0.9997686951225344, 0.25, 0, 0),
('1234753886520393729', 480, 'Ngantuk yah cuaca mendukung', 64, 1, 0, 0, 0),
('1234753886520393729', 480, 'proud https://t.co/s9GwX2vSE8', 160, 1, 0, 0, 0),
('1234753886520393729', 480, 'someone having a war https://t.co/DO7HQgy1ra', 577, 0.9996777989618982, 0.14285714285714285, 0, 0),
('1234753886520393729', 480, 'Udah mandi, udah makeupan, tapi mager mau keluar rumah', 81, 0.9999158425014186, 0.5, 0, 0),
('1234753886520393729', 482, 'I miss rust already :(', 101, 0.9998816777961674, 1, 0, 0),
('1234753886520393729', 482, 'Wake up at this hour?! Time to go to salon then!!!', 84, 1, 0, 0, 0),
('1234753886520393729', 484, 'Aaaahhh~ good morning~ I woke up so early, thats weird www Mother wake me up to prepare myself to help her buying groceries ', 95, 0.9996533189142511, 0.3333333333333333, 0, 0),
('1234753886520393729', 484, 'Hari ini sepertinya gabisa stream guys mama bilang mau bikin acara tumpengan. Jadi moona mau bantu bantu dulu  nanti kalau udah ada waktu luang moona kabari lagi ya ', 85, 0.9998665270474208, 0.3333333333333333, 0, 0),
('1234753886520393729', 485, 'Best cover  https://t.co/0UuWl9nBAm', 227, 0.9990561581380548, 1, 0, 0),
('1234753886520393729', 485, 'Good morning!!!', 124, 1, 0, 0, 0),
('1234753886520393729', 485, 'Jam segini makan pudding disuapin ayang  Padahal itu pudding punyanya yopi ', 115, 0.894427078798398, 1, 0, 0),
('1234753886520393729', 486, 'Hello. I wont join holo matsuri event due to technical issue  Have fun everyone!!!!', 213, 0.9999256182476398, 0.3333333333333333, 0, 0),
('1234753886520393729', 487, ' Oh well hi', 108, 0.9994137810286778, 0.2, 0, 0),
('1234753886520393729', 487, 'Makan holomie di warteg enak banget, ya gak?  Moona tim gapake sawi. https://t.co/xsl4Rn1UW4', 194, 0.9998645007376502, 0.07692307692307693, 0, 0),
('1234753886520393729', 487, 'Toilet with music is interesting', 141, 0.9988238327000252, 0.25, 0, 0),
('1234753886520393729', 488, 'Hellooooo today is so hot. Like me. https://t.co/FW2ovXEDvu', 228, 0.999881115064226, 0.2, 0, 0),
('1234753886520393729', 489, ' https://t.co/IQHulmP7wW', 389, 0.9992387910705914, 0.25, 0, 0),
('1234753886520393729', 489, ' https://t.co/6gKpSWvLSq', 216, 0.9992214317211742, 0.2, 0, 0),
('1234753886520393729', 489, 'Its been a couple of times i tried. I cant join rust. Somehow it show Application Error ', 106, 0.9987397599774142, 0.2, 0, 0),
('1234753886520393729', 489, 'Morningggg', 110, 0.9999382771597437, 1, 0, 0),
('1234753886520393729', 489, ' https://t.co/3pCEfsdVj2', 340, 0.9998583067598409, 0.5, 0, 0),
('1234753886520393729', 490, 'Be prepare!!!!!! I will do nothing!!!!', 161, 0.9998979747277621, 0.25, 0, 0),
('1234753886520393729', 490, 'it\'s been a while... let\'s talk 8PM GMT+7 URL : https://t.co/FLbOCy9vem https://t.co/HilFehPXzn', 160, 1, 0, 0, 0),
('1234753886520393729', 490, 'Moona cuma pengen bilang lagi ke kalian, jangan gampang ketipu sama akun member hololive yang mengaku second account dan menyebarkan giveaway ya! Apalagi kalau social medianya tidak connect di YT! https://t.co/anVE15IYoB', 352, 0.9990211419936709, 0.1111111111111111, 0, 0),
('1234753886520393729', 490, 'thinking again, i might want to do a freetalk tonight ;)', 65, 1, 0, 0, 0),
('1234753886520393729', 490, 'This one help!!! Thankyouuu  https://t.co/tekIs07pmH', 67, 0.997294965641412, 0.3333333333333333, 0, 0),
('1234753886520393729', 491, 'Ohhhh???!!! https://t.co/Dt04L6pIKV', 61, 1, 0, 0, 0),
('1234753886520393729', 491, 'waking up cause of hunger. good morning!!! i want to play rust, but i realized the maintenance end around 7 sept. so what should i play ?? do you guys have any recomendation? i don\'t mind if it\'s a new game!', 126, 0.9997576318036498, 0.07142857142857142, 0, 0),
('1234753886520393729', 492, '. Ok i think enough of twitter. My eyes.. ', 427, 0.9994468261080476, 0.2, 0, 0),
('1234753886520393729', 492, 'If you like to hear my voice, ill be singing in this event! So dont miss it!!  https://t.co/eR5hO9jo90', 178, 1, 0, 0, 0),
('1234753886520393729', 492, 'Last night I overslept lmao The bed is just uuuggghhhhhhhh', 89, 1, 0, 0, 0),
('1234753886520393729', 492, 'Seriously what happened with stars? My timeline full of pants ', 571, 0.9996915008322357, 0.2, 0, 0),
('1234753886520393729', 492, 'Uwaw!!! Cant wait to meet you guys!!! https://t.co/SYMAArRVkk', 176, 0.9957025983633934, 0.25, 0, 0),
('1234753886520393729', 492, 'What happened????? https://t.co/mnHGtR5rxm', 704, 0.9998616203832257, 0.2, 0, 0),
('1234753886520393729', 493, 'Banyak banget yang mau moona ceritain, tapi malam ini moona masih gabisa streaming nih sepertinya  Badan moona biru biru gara gara beberapa kali kepentok meja dan kursi ', 86, 0.9996890338719159, 0.125, 0, 0),
('1234753886520393729', 493, 'PAAAGGIIII', 106, 0.9999855477710677, 1, 0, 0),
('1234753886520393729', 493, 'Yooooooooooooo i missed this event, but i want to see how it goes! Let\'s enjoy together!!  https://t.co/SP5fmwpa8b https://t.co/BYBWQLDKEd', 173, 1, 0, 0, 0),
('1234753886520393729', 494, 'Pagiii!!!', 64, 1, 0, 0, 0),
('1234753886520393729', 494, 'Siang ini moona mau stream main game ah!! Kisaran jam 12 mungkin????', 64, 1, 0, 0, 0),
('1234753886520393729', 494, 'So.. we\'re gonna play this game at 1 PM!!!  See you later!! URL : https://t.co/bmFsdZDA0c https://t.co/DBXIbi5t5s', 163, 1, 0, 0, 0),
('1234753886520393729', 495, 'Everyone!! join my Cult!!! you will be happy here! Sacrifice yourself for the Moon!!! 07:00 WIB/GMT+7  URL : https://t.co/eaufhAGZf3 https://t.co/4sGtWZMINv', 154, 0.9953500090904469, 0.3333333333333333, 0, 0),
('1234753886520393729', 495, 'good morning! today i will stream 2 games! start with cult of the lamb again!!!', 79, 0.9999457508261185, 1, 0, 0),
('1234753886520393729', 495, 'Hey guys!tonight i will stream Rust!! Season 3 IKZ!!! 9/7 - 19:30 WIB/GMT+7  URL : https://t.co/XfqHKXEMi1 #GeeMoon https://t.co/VsjihU4asn', 182, 1, 0, 0, 0),
('1234753886520393729', 495, 'Kyaaa Yagooo-san kawaii desuuuuu!! #5 https://t.co/Ny72iUSwDH', 508, 0.9995801846662727, 0.25, 0, 0),
('1234753886520393729', 495, 'Otsuuuuuuuuuuu!! fun stream!', 76, 1, 0, 0, 0),
('1234753886520393729', 495, 'Yagoo48 #5', 225, 1, 0, 0, 0),
('1234753886520393729', 496, 'bro i want to rust', 99, 0.9992449979472685, 0.3333333333333333, 0, 0),
('1234753886520393729', 496, 'Bro let\'s rust. i\'m so bored lmao', 74, 1, 0, 0, 0),
('1234753886520393729', 496, 'IKZZZZ https://t.co/Bn4RS4eawc', 172, 1, 0, 0, 0),
('1234753886520393729', 496, 'Let\'s goooooo https://t.co/Megr3KUiyQ https://t.co/caCI4SJond', 168, 1, 0, 0, 0),
('1234753886520393729', 496, 'The animation so funny  https://t.co/EJ5qsfBjrU', 850, 0.9973831730254658, 0.2, 0, 0),
('1234753886520393729', 497, 'Good morningg', 110, 1, 0, 0, 0),
('1234753886520393729', 497, 'i had to clean the house! stream will be at 9!', 57, 1, 0, 0, 0),
('1234753886520393729', 497, 'I think risu and iofi addicted to shark. Just look at their twitter', 110, 0.9990561581380548, 1, 0, 0),
('1234753886520393729', 497, 'In the morning i play rust ', 66, 1, 0, 0, 0),
('1234753886520393729', 497, 'Is this an order? Well then, OK stream incoming! https://t.co/cj2t6jVBIE', 42, 0.9986178285566496, 1, 0, 0),
('1234753886520393729', 497, 'Rust again! see you later at 9 AM! URL : https://t.co/6OrNBLiTfe https://t.co/EPvvTGcuAz', 155, 1, 0, 0, 0),
('1234753886520393729', 497, 'why i keep forgoting that today is not 10 sept!?', 61, 0.9998285762890358, 1, 0, 0),
('1234753886520393729', 498, 'In a few mins!! i wonder what is the announcement https://t.co/dXeGvbhEHT', 145, 1, 0, 0, 0),
('1234753886520393729', 498, 'Singapore!! see you soon!! https://t.co/6zmIHHB3yE', 193, 0.9975093350082251, 0.5, 0, 0),
('1234753886520393729', 499, 'Bodo ah https://t.co/fW33tnSPsS', 102, 0.9991330729292213, 1, 0, 0),
('1234753886520393729', 499, 'Did you know what i like to do on my free time? Reading all of your message  This actually this year message card from you guys, but i always love reading this  https://t.co/pzms2AFe3o', 242, 0.9974586987400764, 0.16666666666666666, 0, 0),
('1234753886520393729', 499, 'Gak jadi bangunin tisu. Lagi pengen mie telor  https://t.co/9wn1cPd6jN', 343, 0.9997609529548696, 0.1111111111111111, 0, 0),
('1234753886520393729', 499, 'Good morning!', 117, 1, 0, 0, 0),
('1234753886520393729', 499, 'Pagi pagi enaknya makan apa ya?? Brb bangunin risu ah', 64, 0.99920744980302, 0.2, 0, 0),
('1234753886520393729', 499, 'Wwwww https://t.co/UWJGJFzk0Y', 347, 0.9998174349484545, 0.5, 0, 0),
('1234753886520393729', 500, 'Cant wait to meet up! See you later https://t.co/gXTIWFqBbZ', 121, 1, 0, 0, 0),
('1234753886520393729', 500, 'I clean https://t.co/8P6Fa9Jm0z', 87, 0.9987523383260832, 1, 0, 0),
('1234753886520393729', 500, 'Short reminder, tomorrow ill be streaming rust in the day', 98, 1, 0, 0, 0),
('1234753886520393729', 500, 'WAAAAA https://t.co/Zeq3KK6l4H', 149, 0.9899494865804948, 1, 0, 0),
('1234753886520393729', 501, 'Good morning ', 117, 0.9999747490626185, 0.5, 0, 0),
('1234753886520393729', 501, 'Today rust will be at 7AM GMT+7! I want to prepare for everything! Oil,Farm and Weapon!? See you later  URL : https://t.co/NjlVnEh5FC https://t.co/js7RBIlGNE', 171, 1, 0, 0, 0),
('1234753886520393729', 501, 'wwww i\'m sorry risu.... https://t.co/55s4lq9gsf', 154, 1, 0, 0, 0),
('1234753886520393729', 502, 'After iofi told me about Sierra Boggess performance on The phantom of the Opera. Now my youtube feeds full of opera. I love it ', 95, 0.999480113410796, 1, 0, 0),
('1234753886520393729', 502, 'Early headsup!  Tonight i will have a game collab stream at 8pm gmt+7 I will make the waiting room after this!', 125, 0.9997399557561332, 0.5, 0, 0),
('1234753886520393729', 502, 'Hey guys! the collaboration move to Ollie Channel only!! See you later! https://t.co/VKIJMBvYcO', 140, 0.999567753921537, 1, 0, 0),
('1234753886520393729', 502, 'so tonight i will be playing Monster Prom with Ollie,Iofi and Anya! this is my first time playing the game, what is it? date simulator but multiplayer???  8PM GMT+7 URL : https://t.co/kCeqYAnLMs #GeeMoon https://t.co/rE6660DvoN', 172, 0.9997026904611391, 1, 0, 0),
('1234753886520393729', 503, 'https://t.co/skwxuWrqWW', 464, 0.9999339475960258, 0.25, 0, 0),
('1234753886520393729', 503, 'Moona : aku belikan bahan makanan karena aku sadar diri gabisa masak Risu dan Iofi : Ok wwww', 109, 0.9998063579072727, 0.3333333333333333, 0, 0),
('1234753886520393729', 504, ' MOONA\'S 3D SHOWCASE IS TODAY   It\'s a once in a lifetime event for me. Thank you for keep believing. Please come!  Today, September 16th 20:00 WIB / 22:00 JST  Witness the celestial power here https://t.co/9sKyOk1V1Q  #MoonaHoshinova3D https://t.co/glsR8EYdmB', 5632, 0.999523646972024, 0.07142857142857142, 0, 0),
('1234753886520393729', 504, 'Gabisa tidur lagiiiii Terlalu semangat sama hari ini, jadi deg degan ', 97, 1, 0, 0, 0),
('1234753886520393729', 504, 'Good morning! I shouldve wake up at 9 but i woke up early wwww', 117, 0.9999658510395413, 1, 0, 0),
('1234753886520393729', 504, 'I cant believe I sang until the end. No regret. It was the best scenery I ever witnessed. Thank you for coming. Thank you for listening. Thank you for always believing in me! I love you!  Terima kasih  #MoonaHoshinova3D https://t.co/rf7WOMLtKf', 4060, 0.9999198832461178, 0.25, 0, 0),
('1234753886520393729', 504, 'i plan to use softlenses today, but i\'m so sleepy. guess i will use it later. time to sleep. www', 93, 0.999343184992221, 0.5, 0, 0),
('1234753886520393729', 504, 'Stream will start in a few minutes! Prepare your light stick! (If you have ww) #MoonaHoshinova3D https://t.co/Iorw3UYxpg', 673, 0.9998356749557495, 0.5, 0, 0),
('1234753886520393729', 504, 'Thankyou so much @tokoyamitowa and @ayunda_risu for being my guest!!!   #MoonaHoshinova3D https://t.co/tiBwygz38x', 2307, 0.6657689496278728, 0.125, 0, 0),
('1234753886520393729', 505, ' https://t.co/G7jNOrCWJv', 220, 0.9997028672763448, 0.5, 0, 0),
('1234753886520393729', 505, 'Cute ankimo wwww #AiraniIofifteen3D', 118, 1, 0, 0, 0),
('1234753886520393729', 505, 'Dont forget guysssss!!!!! https://t.co/Af9z17kuO1', 221, 1, 0, 0, 0),
('1234753886520393729', 505, 'Good morning!!! Are you guys ready for today iofis 3D showcase?!?! https://t.co/ld8ERy10Qq', 324, 0.9999572841015393, 0.5, 0, 0),
('1234753886520393729', 505, 'Iyah. https://t.co/kawZudC7JT', 118, 1, 0, 0, 0),
('1234753886520393729', 505, 'Sebentar lagiiiiiii https://t.co/Af9z17kuO1', 128, 1, 0, 0, 0),
('1234753886520393729', 505, 'Wwww https://t.co/hNU1jRoAqm', 156, 1, 0, 0, 0),
('1234753886520393729', 506, 'Bentar lagi nihhhhhh  https://t.co/OEzo5OXGie', 118, 1, 0, 0, 0),
('1234753886520393729', 506, 'Cant waiitttt!!!! https://t.co/OEzo5OXGie', 200, 1, 0, 0, 0),
('1234753886520393729', 506, 'Cute  #AyundaRisu3D https://t.co/WfVChdi9C1', 223, 1, 0, 0, 0),
('1234753886520393729', 506, 'Good morning!!!!', 162, 0.999964995179123, 0.3333333333333333, 0, 0),
('1234753886520393729', 506, 'King!!!  #AyundaRisu3D https://t.co/rPerSg1moi', 248, 1, 0, 0, 0),
('1234753886520393729', 507, 'i have a nose.  Otsu area15, don\'t forget tomorrow mini live! https://t.co/6G6xVaBNd3', 416, 0.999894091983753, 0.3333333333333333, 0, 0),
('1234753886520393729', 507, 'Im so in love with the music and the mv Its just *cheff kiss https://t.co/KxSZQeFS35', 333, 0.9809315136112542, 0.125, 0, 0),
('1234753886520393729', 508, 'See you later!!!! https://t.co/Dqjg9jcCJP', 310, 0.9997296930592209, 1, 0, 0),
('1234753886520393729', 508, 'Tadi moona,iofi dan risu abis ketemu sama yagoo lohhhh  Setelah 17 tahun lamanya,beliau tetap sumringah  #Area15Mini3DLive https://t.co/MtR5XPuLgL', 419, 0.9997633975828297, 0.5, 0, 0),
('1234753886520393729', 509, '', 306, 0.9999134460940048, 0.25, 0, 0),
('1234753886520393729', 510, '   https://t.co/kxIQdtUG2B', 2313, 0.9998685430603552, 0.16666666666666666, 0, 0),
('1234753886520393729', 511, 'Last night i told yopi and risu that at 9 we would have holomie party. But once we arrived, i told them Id take a nap for a while. I ended up going into a deep sleep. Wwww  So anyway, good morning', 288, 0.9998228928231822, 0.25, 0, 0),
('1234753886520393729', 512, 'good morning. today i play among us and found someone using my hair wwww https://t.co/0sm2ZwWmRX', 290, 1, 0, 0, 0),
('1234753886520393729', 512, 'i think tonight i want to stream freetalk! around 7 pm gmt+7 perhaps? let\'s see! I have a lot of things to talk www', 156, 1, 0, 0, 0),
('1234753886520393729', 512, 'I want to talk about recently events that i\'ve got! Let\'s talk about everything!!!  Stream start at 7PM GMT+7!! See yooouuu!!!!  URL : https://t.co/TFxOp2vESh https://t.co/QTX5CZhMVz', 203, 1, 0, 0, 0),
('1234753886520393729', 512, 'Otsukare CF!! yang datang banyak banget!!! dan sampai ada yang siapin surat buat moona wwwww semoga next time bisa ketemu lagi ya sama kalian  Selamat bersenang senang di comifuro!!!', 103, 0.9925232587924216, 0.5, 0, 0),
('1234753886520393729', 513, 'i\'ll take a nap. i promise this time i won\'t deep sleep.', 93, 0.9999238005455923, 1, 0, 0),
('1234753886520393729', 513, 'it\'s fun just walking around the block. the weather today is nice.', 122, 0.999566254443895, 0.5, 0, 0),
('1234753886520393729', 514, 'Gaaaaahhh i want to sleep but i cant siaaaaa Boring but dont have a mood to play games ', 70, 0.9998071545506169, 0.5, 0, 0),
('1234753886520393729', 514, 'Good morning!! I think today Ill not stream! I want to deep sleep wwwww Have fun for today!', 129, 0.9999482468252522, 0.5, 0, 0),
('1234753886520393729', 514, 'Jatuh cinta dengan jelly yang manisnya sedikit ', 64, 0.9990767238875098, 0.5, 0, 0),
('1234753886520393729', 514, 'Man im so hungry, can i eat your cake?', 322, 0.9995775195310875, 0.07692307692307693, 0, 0),
('1234753886520393729', 515, 'My feet still hurt because walking a lot. I think i need to go to spa and do massage ', 97, 0.9984843551652992, 0.25, 0, 0),
('1234753886520393729', 515, 'This is accurate https://t.co/qPVenoXvyc', 76, 1, 0, 0, 0),
('1234753886520393729', 515, 'Wish i can do the moonutau tonight but theres a lot of homework from mchan   If i stream, it might be tomorrow ! Of course! If i finished all the homework', 104, 0.9999061869630765, 1, 0, 0),
('1234753886520393729', 516, 'Ayo guys! Beli akrilik stand holoid gen 3 agar puzzlenya lengkap!!! https://t.co/m4rZaHqsj0', 74, 0.9969277939090233, 0.5, 0, 0),
('1234753886520393729', 516, 'Bro choose. i want to stream. but i\'m confused.  stream will start at 12:30PM GMT+7', 96, 0.9998886352142243, 1, 0, 0),
('1234753886520393729', 516, 'GOOOD MORNIGNNNNNGGGNGNGNNGNG', 162, 1, 0, 0, 0),
('1234753886520393729', 516, 'Kedepannya moona mungkin lebih banyak stream di pagi hari dan siang hari deh, ingin banget memperbaiki jam tidur  Schedule will comes again.', 71, 1, 0, 0, 0),
('1234753886520393729', 516, 'MoonUtau Coming!!! i think re-sing a song that i\'ve been sing it before wouldn\'t hurt. URL : https://t.co/kOgkLs6hbJ  #MoonUtau https://t.co/rjodaBfsT7', 212, 0.9996714306657415, 1, 0, 0),
('1234753886520393729', 516, 'NEW ROOM! https://t.co/tuOnbUu1kh https://t.co/DmMcgVsXib', 152, 1, 0, 0, 0),
('1234753886520393729', 516, 'Ok then! Will up the waiting room in a few mins! https://t.co/9HYRrVt02m', 63, 1, 0, 0, 0),
('1234753886520393729', 516, 'Sorry guys! i\'m still fixing the problem! the stream probably gonna start at 2! https://t.co/DmMcgVsXib', 114, 1, 0, 0, 0),
('1234753886520393729', 516, 'Tomorrow #MoonUtau Unarchive! Will sing a lots of songs! let\'s hope the settings not shitty wwww URL : https://t.co/ILKjYpZxt1 https://t.co/yP1v3GG0C5', 278, 1, 0, 0, 0),
('1234753886520393729', 516, 'udah terlanjur bangun pagi nih, streaming yuk', 63, 1, 0, 0, 0),
('1234753886520393729', 516, 'You know that its been a while I havent played rust right? I just open the game a couple of hours ago, and i think i lost all my things :D So i guess see you on S4 wwww', 79, 0.9992600809739491, 0.3333333333333333, 0, 0),
('1234753886520393729', 517, 'Kadang mikir, orang orang kok bisa aja ya kesurupan. Moona belum pernah kena, apa karena sama sama setan ya ', 140, 0.9994589116860324, 0.0625, 0, 0),
('1234753886520393729', 517, 'Sesungguhnya mapo tofu adalah seblaknya jepang Enak banget, gabohong.', 90, 0.9995842084667727, 0.1111111111111111, 0, 0),
('1234753886520393729', 517, 'So i kinda fall in the stair in public Thanks god i fall after my showcase ', 157, 0.999782585034203, 0.125, 0, 0),
('1234753886520393729', 518, 'i found the reason why i get a static noise in microphone. turn out it\'s the cable :D i\'m happy', 81, 0.9988701835584256, 0.5, 0, 0),
('1234753886520393729', 518, 'sometimes....i want to be cute  have you guys hear my cute cover? https://t.co/C8iIMWQSAQ', 239, 0.9998461419837652, 1, 0, 0),
('1234753886520393729', 518, 'Valo, EHE https://t.co/xltzJRuRsN https://t.co/PPSB9vMYys', 212, 1, 0, 0, 0),
('1234753886520393729', 519, 'If tonight I stream, it will probably be in the middle of the night. Because this kid asked me to try a fine dinner w/ her  @kobokanaeru', 123, 0.7220131559140169, 0.3333333333333333, 0, 0),
('1328277233492844544', 505, 'sumpah gakuat, layar pun ga keliatan  alien sialan', 71, 0.9989610368256049, 0.5, 0, 0),
('1328277233492844544', 506, '3D Showcase Yes, a squirrel can be an Idol, too #AyundaRisu3DAyunda R... https://t.co/pVAXSNo1Kk via @YouTube', 64, 0.7071067811865476, 1, 0, 0),
('1328277233492844544', 506, 'HAPPENING SOON  https://t.co/pbRLxUYzJs', 79, 1, 0, 0, 0),
('1328277233492844544', 506, 'https://t.co/GocCZl2Cbo', 834, 0.9991330717036176, 0.1, 0, 0),
('1328277233492844544', 506, 'I HAVE NO WORDS, THIS IS LIT https://t.co/W8xU8wIPy4', 197, 0.9961164853848634, 0.5, 0, 0),
('1328277233492844544', 506, 'OTSU TO ALL GEN 1 SENPAIs!! I\'ve been a fan since the day you all debuted and I think I speak for everyone when I say you\'ve all come a long way and we are all just so happy and proud of all of you. You inspire me and so many others, there won\'t be holoID without you guys ', 572, 0.9991680528453221, 0.25, 0, 0),
('1328277233492844544', 506, 'RISU-SENPAI\'S 3D IS TODAY!! https://t.co/pbRLxUYzJs', 90, 1, 0, 0, 0),
('1328277233492844544', 506, 'THREAD RRRRRRRRRRREADY!! #AyundaRisu3D', 165, 0.26963001136021275, 1, 0, 0),
('1328277233492844544', 507, '[MINECRAFT] #KULLIE #OLLInfo #OLLIEginal BARANGSIAPA YANG BINGUNG MAU STREAM APA, NISCAYA BIRCH SELALU ADA THE MORE I THINK OF IT, MY SAFE SPOT IS BIRCH ~  9/19 - 18:00 WIB/GMT+7  https://t.co/bxNarnvwUk https://t.co/3dOzVVoqYr', 114, 0.9949366648563703, 0.5, 0, 0),
('1328277233492844544', 507, 'OTSUCRAZY!! OUR BIRCH FOREST IS NICELY MAINTAINED, HAD A MENTAL BREAKDANCE AT KAELA\'S, AND HAD A LOT OF FUN ON OUR NATSU MATSURI DATE!! THANKS FOR COMING', 70, 0.9982731804038852, 0.5, 0, 0),
('1328277233492844544', 507, 'STARTING~ https://t.co/P4Tt8OatWJ', 65, 1, 0, 0, 0),
('1328277233492844544', 507, '...', 56, 0.9982683966438287, 0.5, 0, 0),
('1328277233492844544', 508, '... jAN MALAH BIKIN SAYA NANGIS GILA 4 HARI BERTURUT-TURUT ', 57, 0.9984603520952798, 1, 0, 0),
('1328277233492844544', 508, 'Mini 3D Livehololive Indonesia Generasi 1 Bernyanyi Bersama #Area15Min... https://t.co/j3BkmPbyPJ via @YouTube', 77, 0.7071067811865476, 1, 0, 0),
('1328277233492844544', 508, '#yopidumpy https://t.co/LG4wmAjoAg', 387, 0.9983180793647818, 0.125, 0, 0),
('1328277233492844544', 508, 'capek nangis ', 65, 0.999056158174239, 1, 0, 0),
('1328277233492844544', 508, 'I WAS TUTORING MATH  ', 92, 0.9983500278826152, 0.25, 0, 0),
('1328277233492844544', 508, 'IOFI-SENPAI NANGIS YA NULER LAH ', 60, 0.9863939007096578, 1, 0, 0),
('1328277233492844544', 508, 'LETS GOOOOOOOOOOOOOO https://t.co/blnYiQHy04', 137, 1, 0, 0, 0),
('1328277233492844544', 508, 'NOT GOING TO MISS IT https://t.co/vu2MZMv2ZM', 116, 1, 0, 0, 0),
('1328277233492844544', 508, 'NOT MENTALLY READY BUT THIS THREAD AND MY TEARS ARE #Area15Mini3DLive', 156, 0.6467104791427216, 0.3333333333333333, 0, 0),
('1328277233492844544', 508, 'OHAYOLLIE!! ', 52, 0.9996570724113849, 0.25, 0, 0),
('1328277233492844544', 508, 'Sayang', 93, 0.9996876461979296, 1, 0, 0),
('1328277233492844544', 509, '[APEX LEGENDS] #OLLInfo #OLLIEginal GA MUNGKIN GA MAIN PAS TAU LOBA DAH PUNYA HEIRLOOM  MY WAIFU LOBA FINALLY HAS HER HEIRLOOM SO THERE\'S NO WAY I\'M NOT PLAYING   9/21 - 18:30 WIB/GMT+7  https://t.co/JCV88Wdgr5 https://t.co/cv3PSdTMxy', 122, 0.9965576457709413, 0.5, 0, 0),
('1328277233492844544', 509, ' https://t.co/eXhawE4gl2', 37, 1, 0, 0, 0),
('1328277233492844544', 509, 'CONVEYOR BELT OLLIE WITH UDIN ON THE SIDE https://t.co/zAJ1xfjMsH', 54, 1, 0, 0, 0),
('1328277233492844544', 509, 'HAVING LONG HAIR IS SUCH A PAIN... WASHING THEM TAKES FOREVER ', 101, 0.9992723987230261, 0.09090909090909091, 0, 0),
('1328277233492844544', 509, 'LOBA HAS A HEIRLOOM!??!?!??!', 52, 1, 0, 0, 0),
('1328277233492844544', 509, 'LOOK MY KOUHAI DID THIS  https://t.co/NecnoSYe1V', 106, 1, 0, 0, 0),
('1328277233492844544', 509, 'OHAYOLLIE!! SO I WAS THINKING APEX--', 69, 0.9994265725446647, 0.5, 0, 0),
('1328277233492844544', 509, 'OTSUCRAZY!! GUN MODE IS ADDICTING!! IT WAS FUN!! THANKS FOR COMING~!!', 54, 0.9963221645354793, 0.5, 0, 0),
('1328277233492844544', 509, 'SECRETARY OLLIE DONE IT AGAIN; I TUTORED, FINISHED SOME DOCUMENTS, AND ORGANIZED I SHOULD GET PAID', 46, 0.894427078798398, 1, 0, 0),
('1328277233492844544', 509, 'STARTING!! https://t.co/pkD8QzUuOo', 55, 1, 0, 0, 0),
('1328277233492844544', 510, 'AFTER SHOWER  https://t.co/uUKOFiGgK2', 326, 0.9968548882704301, 0.09090909090909091, 0, 0),
('1328277233492844544', 510, 'BA DEE YAAAH https://t.co/nsV6N3RcnL', 120, 1, 0, 0, 0),
('1328277233492844544', 511, 'I WANTED TO STREAM TODAY... BUT I FELL ASLEEP', 146, 0.9989611926980924, 0.14285714285714285, 0, 0),
('1328277233492844544', 511, 'I WOKE UP A TINY-BIT EARLIER TODAY~ OHAYOLLIE~', 59, 0.999331426571373, 0.3333333333333333, 0, 0),
('1328277233492844544', 511, 'NO MATTER THE CONFLICT IN AN ANIME, IF YOU SLAP THE MC IN THE FACE EVERYTHING WILL BE DAIJOUBU', 247, 0.9989811509724703, 0.14285714285714285, 0, 0),
('1328277233492844544', 512, '[GARTIC PHONE COLLAB] #HoloProGarticPhone  DI SAAT BAHASA MENJADI HALANGAN, MENGGAMBAR MENJADI TANTANGAN ME & ARURAN-SENPAI ARE GOING TO HOST A MULTIBRANCH GARTIC PHONE COLLAB!! ?!  9/24 - 15:00 WIB/17:00 JST  https://t.co/X0Wk4KRGFn https://t.co/seYeihua4m', 454, 1, 0, 0, 0),
('1328277233492844544', 512, 'OTSUHOLO!! THE COLLAB WAS CHAOTIC, MY CHEEKS HURT FROM LAUGHING SO MUCH HOPE EVERYONE HAD AS MUCH FUN AS WE DID!!  MY FAV ANIMATION OF ALL!! THANKS FOR COMING!! https://t.co/47zUGT3KLc', 403, 0.9986310738235183, 0.5, 0, 0),
('1328277233492844544', 512, 'STARTING!! https://t.co/CoErsPENnT', 121, 1, 0, 0, 0),
('1328277233492844544', 512, 'THERE WILL ONLY BE TWO POVs!! MINE AND ARURAN-SENPAI\'S!! https://t.co/0tYKYC5Wmi', 153, 1, 0, 0, 0),
('1328277233492844544', 513, 'WE HAVEN\'T EVEN STARTED AND SHE\'S ALREADY SO SUS VESTIA ZETA WHAT WWWWWWW https://t.co/vXi6I4hBeI', 472, 0.999167706772545, 0.16666666666666666, 0, 0),
('1328277233492844544', 514, '[UNARCHIVE KARAOKE] #OLLInfo #OLLIEginal TERIMA KASIH UNTUK SEMUA DUKUNGANNYA!! THANK YOU FOR ALL YOUR SUPPORT!! !!  9/26 - 20:00 WIB/GMT+6  https://t.co/EY3717wZR1 https://t.co/ftmmdZrHW6', 135, 0.9975093350082251, 0.5, 0, 0),
('1328277233492844544', 514, '3 AM THOUGHT DEMONS ARE SCARY... LET\'S PUT IT TO REST AND GO TO SLEEP~ OLLIEYASUMI~', 85, 0.9995120753146538, 1, 0, 0),
('1328277233492844544', 514, 'A REMINDER: SOMETIMES YOU GET SEXY SAD, SOMETIMES YOU GET SEXY MAD, SOMETIMES YOU FEEL SEXY HAPPY. BUT REMEMBER, YOU\'RE ALWAYS SEXY', 936, 0.9956342207642584, 0.16666666666666666, 0, 0),
('1328277233492844544', 514, 'I OPENED 24 BOXES... BY MYSELF TODAY...', 90, 0.9996002397266334, 0.5, 0, 0),
('1328277233492844544', 514, 'IT\'LL BE ARCHIVED!! WE\'RE STARTING SOON!! https://t.co/mlso9dSgNk', 86, 1, 0, 0, 0),
('1328277233492844544', 514, 'OH A RUINED SLEEP SCHEDULE IS ONLY THE BEGINNING, DEAR KOUHAI https://t.co/xX69F0aej3', 117, 1, 0, 0, 0),
('1328277233492844544', 514, 'OHAYOLLIE BRRRRR https://t.co/o0cVPXwRWm', 59, 0.9994059979859158, 1, 0, 0),
('1328277233492844544', 514, 'OTSUENID!! IT WAS HARD BEING SUS AND UNSUS, THESE GIRLS ARE JUST TOO GOOD AT AMOGUS  VERY VERY FUN COLLAB THO!! THANK YOU KIARA-SENPAI FOR ORGANIZING THE WHOLE THING!! THANK YOU FOR COMING AND DON\'T FORGET TO BUY THE HOLOLIVE COSMICUBE!! #HololiveCosmicube', 104, 0.9995120753146538, 1, 0, 0),
('1328277233492844544', 514, 'STARTING!! SORRY FOR THE DELAY!! https://t.co/wqx2K0A17L', 92, 1, 0, 0, 0),
('1328277233492844544', 514, '!!!!!! https://t.co/WmHd3ij58J', 359, 0.9980525760695506, 1, 0, 0),
('1328277233492844544', 514, 'FRIEND https://t.co/0PQlEgPTPz', 357, 0.9987523380394302, 0.25, 0, 0),
('1328277233492844544', 514, '!!!!! https://t.co/0kLXHKufft', 386, 0.9968014508320721, 0.25, 0, 0),
('1328277233492844544', 515, '[RAFT] #OLLInfo #OLLIEginal HABIS KERJA, TERBITLAH RAFT~ CHILLING OUT IN RAFT TONIGHT~  9/27 - 20:00 WIB/GMT+7  https://t.co/ywrFTuLGA6 https://t.co/suCokXSNt1', 125, 0.9878291544774629, 0.3333333333333333, 0, 0),
('1328277233492844544', 515, 'Blame the spooky... @ BGM DOVA-SYNDROME OFFICIAL YouTube CHANNEL https://t.co/bHoipcXd23 via @YouTube', 44, 0.8728714119738571, 0.5, 0, 0),
('1328277233492844544', 515, 'FINALLY STARTING!! https://t.co/jlsYA4gG0L', 70, 1, 0, 0, 0),
('1328277233492844544', 515, 'hA HA https://t.co/kTKnJd2OEl', 64, 0.9874838462436771, 0.5, 0, 0),
('1328277233492844544', 515, 'I FORGOT TO MAKE AN OTSU TWEET ANYWAYS OTSUCRAZY! THANK YOU FOR 1,2 MILLION SUBS! THE MILESTONE JUST KEEPS GETTING BIGGER AND BIGGER  I WAS FLATTERED TO HEAR THAT I GOT BETTER AT SINGING! I\'LL KEEP DOING MY BEST AND SING BETTER! THANK YOU FOR COMING AND ALL YOUR SUPPORT', 79, 0.9982201102286501, 0.16666666666666666, 0, 0),
('1328277233492844544', 515, 'I\'M SO SORRY I\'M STILL OMW HOME I\'LL BE SUPER LATE  https://t.co/jlsYA3ZCYL', 64, 0.999444905855523, 1, 0, 0),
('1328277233492844544', 515, 'WILL BE DELAYED BY AN HOUR!! SORRY  https://t.co/jlsYA3ZCYL', 70, 0.9982743715556598, 1, 0, 0),
('1328277233492844544', 516, ' https://t.co/PMc7922oLR', 24, 1, 0, 0, 0),
('1328277233492844544', 516, 'id:entity voices (sung by hololive ID 3rd Gen.) https://t.co/ihrMXrRAPk via @YouTube', 103, 0.7071067811865476, 1, 0, 0),
('1328277233492844544', 516, 'OHAYOLLIE!! CRAZY DREAM I HAD LAST NIGHT, DREAMT THAT I WAS QUIET AND BEING FLIRTED BY ANOTHER MEMBER~ HAHA~', 117, 0.9965457570400698, 1, 0, 0),
('1328277233492844544', 516, 'OTSUCRAZY!! THAT WAS PRETTY CHILL!! GOT MYSELF STUCK BETWEEN TWO IKEMENS, D-DON\'T FIGHT OVER ME...!! ///// I\'m really sorry for the delay, AND THANK YOU FOR COMING TO THE STREAM!!', 64, 0.9985383647523653, 0.3333333333333333, 0, 0),
('1328277233492844544', 516, 'STARTING!! https://t.co/G4VbujLurC', 72, 1, 0, 0, 0),
('1328277233492844544', 516, 'T H I S https://t.co/j5W0eTbofI', 113, 0.9912278922158654, 0.2, 0, 0),
('1328277233492844544', 516, 'WEH IDENTITY VOICES VER GEN 3?!?!? https://t.co/osg2Pn7mUU', 160, 1, 0, 0, 0),
('1328277233492844544', 516, 'WHY IS MY PICTURE- WWWWWWWW https://t.co/y55TC0BOuL', 306, 0.9978504959190945, 0.07142857142857142, 0, 0),
('1328277233492844544', 517, '[HololiveERROR] #hololiveERROR #OLLInfo #OLLIEginal  LANJUT!! I HAVEN\'T GOTTEN A GRIP OF THE STORY YET SO I\'M EXCITED FOR CHAPTER 2 !!  9/29 - 20:00 WIB/GMT+7  https://t.co/I97sLlBbGX https://t.co/3PaNwxXcpH', 126, 0.9931270639379358, 0.5, 0, 0),
('1328277233492844544', 517, '*ROLLS SLEEVE* NOW THIS IS SOMETHING I WANT TO GET BEHIND https://t.co/a0WQeRcr9C', 52, 1, 0, 0, 0),
('1328277233492844544', 517, 'M-MOM...? https://t.co/9g77RheNmD', 264, 0.998888023614892, 0.25, 0, 0),
('1328277233492844544', 517, 'OHAYOLLIE...   I SLEPT THROUGH A MEETING...', 80, 0.999577613489326, 0.25, 0, 0),
('1328277233492844544', 517, 'OTSUCRAZY!! WE BEAT THE FINAL BOSS IN OMORI WHICH HAPPENS TO BE... AN UVULA?? IT WAS A JOURNEY!! WE\'LL DO A FINALE LATER FOR SURE!! I ALSO GOT MY FIRST RAID BY VESPER TOO (AM VERY HAPPY) THANKS FOR COMING EVERYONE~!!', 47, 0.9990561581380548, 1, 0, 0),
('1328277233492844544', 517, 'OTSUCRAZY!! WE GOT THE SECOND ENDING DOOOONG~ I HAVE MORE QUESTIONS AFTER OUR SECOND PLAYTHROUGH, BUT HAD A GREAT TIME WITH OUR RUN!! ANYWAYS, THANKS FOR COMING TO THE STREAM~!!', 51, 0.9980525760695506, 1, 0, 0),
('1328277233492844544', 517, 'STARTING!! https://t.co/JbrEOU038e', 63, 1, 0, 0, 0),
('1328277233492844544', 517, 'UNDER THE SEA https://t.co/Rz5zk1PZyO', 33, 1, 0, 0, 0),
('1328277233492844544', 517, 'ZETA WTF https://t.co/epresxeNpM', 370, 0.9988907372026564, 0.2, 0, 0),
('1328277233492844544', 518, '[DONATION READING] #OLLInfo #OLLIEginal SALAH MASUKIN WAKTU DI SKEDUL (SEHARUSNYA JAM 8 PM) ;;W;; INPUTTED THE WRONG TIME IN THE SCHEDULE, THIS WAS FOR TONIGHT I\'M SORRY ;;   9/30 - 20:00 WIB/GMT+7  https://t.co/aNYoJKHR9f https://t.co/GvMfxUHwX6', 92, 0.9970544761543426, 1, 0, 0),
('1328277233492844544', 518, 'BINGUNG NGGAK? BINGUNG NGGAK? YA BINGUNG LAH... ///A/// https://t.co/ht7jjkWYay', 27, 1, 0, 0, 0),
('1328277233492844544', 518, 'I\'M SORRY FOR THE CONSTANT DELETED TWEETS I\'M JUST BEING A BAKA RN ;;w;;', 60, 0.9981149836371908, 0.2, 0, 0),
('1328277233492844544', 518, 'OTSUCRAZY!! THANK YOU FOR STICKING IN TO OUR DONATION READING STREAM!! SEXY GRAMMAS KINDA STUCK TO ME...', 55, 0.9934089352235399, 0.16666666666666666, 0, 0),
('1328277233492844544', 518, 'S-SPICY...  https://t.co/GyRgZbRXKK', 73, 0.9931459074249718, 0.5, 0, 0),
('1328277233492844544', 518, 'SO THAT IS WHY THE OCEAN IS BLUE', 77, 0.999480113410796, 1, 0, 0),
('1328277233492844544', 518, 'STARTING!! https://t.co/N8CYUdmuL6', 65, 1, 0, 0, 0),
('1328277233492844544', 518, 'T-TENGA...? https://t.co/BKUdMXb2dG', 407, 0.9996915007692058, 0.09090909090909091, 0, 0),
('1328277233492844544', 518, 'WHY IS THE SKY BLUE https://t.co/WC0MuGmNSr via @YouTube', 59, 0.7049344015293594, 0.5, 0, 0),
('1328277233492844544', 518, '!! https://t.co/bvnFnc2yLl', 310, 0.9994902370273315, 0.1, 0, 0),
('1328277233492844544', 519, '[MONSTER PROM 2:MONSTER CAMP] #OLLInfo #OLLIEginal OKTOBER LHO TEMAN-TEMAN!! WHAT BETTER WAY TO START OCTOBER THAN WITH GETTING A MONSTER DATE?!   10/1 - 20:00 WIB/GMT+7  https://t.co/soSigOT9TP https://t.co/HutjQjyEEX', 116, 0.9878783208637683, 0.5, 0, 0),
('1328277233492844544', 519, '#Holoctober THREAD ', 190, 1, 0, 0, 0),
('1328277233492844544', 519, 'OHAYOLLIE~', 55, 0.9996373000412685, 0.5, 0, 0),
('1328277233492844544', 519, 'OTSUCRAZY!! WHO KNEW THAT WE\'D GET SECRET ENDING FIRST TRY IN MONSTER CAMP?! I HAD A BLAST!! HOPE YOU DID TOO!! THANKS FOR COMING', 56, 0.9965457575974134, 0.25, 0, 0),
('1328277233492844544', 519, 'SHE IS BEAUTY  SHE IS GRACE   https://t.co/DWA0lVDTR8', 87, 0.985036541216996, 0.3333333333333333, 0, 0),
('1328277233492844544', 519, 'STARTING!! https://t.co/NDk0Gc2FQW', 60, 1, 0, 0, 0),
('1328277233492844544', 519, 'THIS IS JUST SO SWEET  THANK YOU https://t.co/GZdSRTdELI', 61, 1, 0, 0, 0),
('1486629076005634049', 465, 'good night https://t.co/L2aWkaEYy9', 671, 0.9996110417920799, 0.14285714285714285, 0, 0),
('1486629076005634049', 465, 'what if I have a public ASMR stream this week? but I\'m afraid that my practice yesterday wasn\'t enough..', 106, 0.9998442869730219, 0.09090909090909091, 0, 0),
('1486629076005634049', 466, 'WEEKLY SCHEDULE  Youtube channel: https://t.co/8eTQVXklgB  General: #KoboKanaeru  LIVE: #OnAeru  Fanart: #AeruSeni  Fan name: #Kobokerz  Memes: #Kobobrok  Announcements: #KoboCast  Fanart may be used in thumbnails or for other uses in the future (   ) https://t.co/WdeYmNrg9i', 489, 0.9991494143900693, 0.03571428571428571, 0, 0),
('1486629076005634049', 466, 'aku stream minecraft tapi banyak diemnya, gimana?', 143, 0.9998016856431822, 0.1111111111111111, 0, 0),
('1486629076005634049', 466, 'exercise brings happiness have a blessed day everybody https://t.co/UNelGPs6ny', 359, 0.9998428078710688, 0.09090909090909091, 0, 0),
('1486629076005634049', 466, 'stream menkrep a6 gc', 109, 0.9999191111344188, 0.25, 0, 0),
('1486629076005634049', 467, 'gabisa main on stream dh menkrep mh', 83, 0.9993847131934938, 0.05555555555555555, 0, 0),
('1486629076005634049', 467, 'https://t.co/37J8wN56e4', 245, 0.9998928498508727, 0.1, 0, 0),
('1486629076005634049', 467, 'next aku stream menkrep tp cmn buat bangun rumah ini jgn bsn y https://t.co/ItNpkkjgxd', 80, 0.999921394666448, 0.14285714285714285, 0, 0),
('1486629076005634049', 467, 'pen main biasa aj si https://t.co/RyXU70EYyB https://t.co/wbFY2XFo5b', 155, 0.999930802818245, 1, 0, 0),
('1486629076005634049', 468, 'A lot of things happened today and it\'s been very hard and tiring for me :< I\'ve been trying to cheer myself up with Minecraft so I can meet everyone in the DreadOut stream today, but I think I need more time...', 314, 0.9999286215471648, 0.16666666666666666, 0, 0),
('1486629076005634049', 468, 'namanya charlie https://t.co/3Tb3O82f8V', 269, 0.9986058138423429, 0.09090909090909091, 0, 0),
('1486629076005634049', 469, 'Gatau Kobo bisa stream horror atau ngga malam ini, tp kobo masih ngumpulin mood dengan bermain menkrep, dan banyak dari kalian yg minta stream daripada aku jadi vtweeter menkrep ya.. ok  18.00 WIB (GMT+7) https://t.co/2kxQKdkXRh https://t.co/4T6Dz3ytCT', 210, 0.9998183873771406, 0.09090909090909091, 0, 0),
('1486629076005634049', 469, 'Jacki dan Adit https://t.co/YG7b813NLR', 270, 0.9998183873771406, 0.09090909090909091, 0, 0),
('1486629076005634049', 469, 'sigh', 203, 0.9999537753845887, 0.25, 0, 0),
('1486629076005634049', 470, 'jangan sampe..... https://t.co/XMfY4J2MCV', 166, 0.9998169042787619, 0.1, 0, 0),
('1486629076005634049', 471, '.  9 AM WIB (GMT+7) https://t.co/rbK0KYIqFm https://t.co/gRc54iRGEg', 129, 0.998831395564891, 0.1, 0, 0),
('1486629076005634049', 471, '13.00 - 23.59 https://t.co/yRXfVcbE8P', 380, 0.9998512270626815, 0.1, 0, 0),
('1486629076005634049', 471, 'berpetualang https://t.co/LzJRg5lB1e', 236, 0.9997476775882851, 0.1, 0, 0),
('1486629076005634049', 471, 'sorry alarm aku gabunyi, baru bangun, I\'m ok kok :\'<, yuk mulai https://t.co/LFOg33qdal', 99, 0.9998437865376432, 0.125, 0, 0),
('1486629076005634049', 471, 'Yu disupprot yu vtuber rapper ini  https://t.co/NMChGNYC25', 626, 0.9998315826931666, 0.06666666666666667, 0, 0),
('1486629076005634049', 473, 'daritadi nahan eek cok', 442, 0.999724595254272, 0.09090909090909091, 0, 0),
('1486629076005634049', 475, 'anak kecil yang berlari telanjang https://t.co/i82KEVCGeR', 717, 0.9998091334856049, 0.07142857142857142, 0, 0),
('1486629076005634049', 475, 'Hm https://t.co/jqEgJvmmLm', 203, 0.9999586801877416, 1, 0, 0),
('1486629076005634049', 475, 'Jadi karna pamanku, Gamma, sedang atit, koleb kita dibatalkan besok sabtu :< Semua doakan paman aku agar cepat sembuh ya ', 146, 0.9976944344812673, 0.09090909090909091, 0, 0),
('1486629076005634049', 475, 'Kalo aku jadi kalian, aku akan mengeluarkan seluruh tabunganku untuk membeli mercendes yg keren ini https://t.co/U6rV0IEbqv', 206, 0.999685644556648, 0.05263157894736842, 0, 0),
('1486629076005634049', 476, 'pengen hire pembantu trs aku kasih seragam baju maid', 212, 0.999541609285747, 0.041666666666666664, 0, 0),
('1486629076005634049', 477, 'Besok free talk stream y https://t.co/VRJ18oTfvK', 232, 0.9998203579073994, 0.1, 0, 0),
('1486629076005634049', 477, 'https://t.co/9E7Q7OQ4RQ', 773, 0.9995973507224368, 0.07692307692307693, 0, 0),
('1486629076005634049', 477, 'Kita mo masak gaes Chat here: https://t.co/bbQ9MuVTWL https://t.co/hrTjDtuDI7', 106, 0.9847319229822005, 0.5, 0, 0),
('1486629076005634049', 478, '(  )  Starts at 9 PM (GMT+7) https://t.co/w91fS9pNPO https://t.co/0vOJ1QV7c0', 171, 0.9998656544553514, 0.25, 0, 0),
('1486629076005634049', 478, 'https://t.co/2AKV7EslUP', 700, 0.9996896014624977, 0.1111111111111111, 0, 0),
('1486629076005634049', 478, 'Reine pergi, pc nganggur ni', 152, 0.9995996087080625, 0.125, 0, 0),
('1486629076005634049', 479, 'lanjutkeun  Starts at 8 PM WIB (GMT+7) https://t.co/F3XoO9qGlm https://t.co/t4KVqIzZzr', 167, 0.9998438513428437, 0.3333333333333333, 0, 0),
('1486629076005634049', 480, 'Ragus taught me something today  \'If you want to call someone bad, call em shitter\'  shitter @regisaltare', 676, 0.7175861765132349, 0.16666666666666666, 0, 0),
('1486629076005634049', 481, 'Im going to take violin class, so excited :D', 302, 0.9998866405745404, 0.14285714285714285, 0, 0),
('1486629076005634049', 482, 'gatel pen karoke  tp tunggu 1.5 biar spesyel skalian archived  AYO TUNGGU APA LAGI, CEPAT SURUH RT KALIAN SUBS AKU SKRNG JGGGGGG', 175, 0.9993318231315288, 0.1111111111111111, 0, 0),
('1486629076005634049', 482, 'this little shit https://t.co/TFCE8Ay1L0', 604, 0.9996804769466511, 0.1111111111111111, 0, 0),
('1486629076005634049', 483, 'Catur sama rubik 3x3 skuy  Starts at 16.00 WIB (GMT+7) https://t.co/riarXTlcGL https://t.co/yhhlQqDLBO', 164, 0.9892497512718479, 0.06666666666666667, 0, 0),
('1486629076005634049', 483, 'Mantra Hujan 6M views & my first song cover \'Tondemo Wonders\' finally reach 1M thank youuuuu!!!!!!!!!!!!!!!!!!!!!!!!!!!!!!!!!!!!!!  https://t.co/HECRHq9OQj', 699, 0.9998428078804492, 0.16666666666666666, 0, 0),
('1486629076005634049', 483, 'viewer\' gilak emng', 104, 0.9997644338750417, 0.2, 0, 0),
('1486629076005634049', 484, 'cita\'ku mengumpulkan semua ending tanpa rasa takut  Starts at 19.30 WIB (GMT+7) https://t.co/WdiCYFn4Um https://t.co/nB5o9EQz4O', 120, 0.9996796924813459, 0.25, 0, 0),
('1486629076005634049', 484, 'papa  https://t.co/v8IFBSv4D6', 114, 0.9997972493405113, 0.3333333333333333, 0, 0),
('1486629076005634049', 484, 'yes chamber https://t.co/pcq1IRLv8m', 169, 0.9996430840568191, 0.14285714285714285, 0, 0),
('1486629076005634049', 485, 'Challange @kureijiollie karna kalah catur kmaren disuruh buat lagu kentut https://t.co/g8A4xPk2rN', 1786, 0.7283066325839317, 0.05, 0, 0),
('1486629076005634049', 485, 'guerilla tonight with the little shit :D @regisaltare   starts at 21.00 WIB (GMT+7) https://t.co/EwxEi3WUAf https://t.co/zKEHKEYMtT', 523, 0.7107856755239392, 0.125, 0, 0),
('1486629076005634049', 486, 'HAd so much fun valo ing  ()  I\'m seiso idol thank you (  `)', 190, 0.9985189218527791, 0.1, 0, 0);
INSERT INTO `tweet_fact` (`user_id`, `date_id`, `tweet_content`, `retweet_count`, `centrality`, `density`, `avg_clustering_coef`, `reciprocity`) VALUES
('1486629076005634049', 486, 'sowwy aku gabisa join natsu matsuri ;w; tapi aku sambil nonton pov nya kaela hwehehe~~', 106, 0.9994734147987847, 0.09090909090909091, 0, 0),
('1486629076005634049', 487, 'dulu gabisa dan paling menghindari op, sekarang kerjaannya beli op mulu :D https://t.co/LCJahR3xMA', 81, 0.9958932059162795, 1, 0, 0),
('1486629076005634049', 487, 'hacep https://t.co/RWnfKBMLCS', 170, 0.998625426971303, 0.3333333333333333, 0, 0),
('1486629076005634049', 487, 'Kobo always win, even with A-chan https://t.co/gpOjgzTmTo', 339, 0.9991507424734889, 0.3333333333333333, 0, 0),
('1486629076005634049', 487, 'Kobo kalm  Starts at 16.00 WIB (GMT+7) https://t.co/Qfgcbby4VV https://t.co/3EDvr1IT4K', 181, 0.9992576644404523, 0.5, 0, 0),
('1486629076005634049', 487, 'RIKA RIKA RIKA KANAERU WKWKWKWKW marga kanaeru slebew https://t.co/XhJD2BUukd', 126, 0.9992683817273458, 0.16666666666666666, 0, 0),
('1486629076005634049', 487, 'take ke sekian kalinya, tp ini yg terbaik dh  hbd buat kak ela, lirik dibuat oleh @vestiazeta   Ka Ela, our coolest blacksmith Ka Ela, our cutest penguin watata We went from good friends to family, now a family, forever family https://t.co/NL2m0lrq8h', 1873, 0.720254646441465, 0.09090909090909091, 0, 0),
('1486629076005634049', 488, 'Oh iya kalo watchalong, kalian kuat ga Kobo ajak marathon dari awal - akhir? soalnya Kobo kalo nonton anime langsung ditamatin dalam sehari', 109, 0.9996037164418125, 0.07692307692307693, 0, 0),
('1486629076005634049', 488, 'Untuk watchalong membership mau anime apa nichh?', 86, 0.9998469894794532, 0.08333333333333333, 0, 0),
('1486629076005634049', 489, 'WEEKLY SCHEDULE  Youtube channel: https://t.co/8eTQVXklgB  General: #KoboKanaeru  LIVE: #OnAeru  Fanart: #AeruSeni  Fan name: #Kobokerz  Memes: #Kobobrok  Announcements: #KoboCast  Fanart may be used in thumbnails or for other uses in the future (   ) https://t.co/xJi3ViWIuU', 314, 0.9997705104187712, 0.125, 0, 0),
('1486629076005634049', 489, 'ini arti pantek yg aku tau cok  https://t.co/OFLhCId1oU', 182, 0.9992600812240079, 0.03571428571428571, 0, 0),
('1486629076005634049', 489, 'keinginanku hanya ingin bisa menamatkan game ini  starts at 15.00 WIB (GMT+7) https://t.co/qYiGKF75Xu https://t.co/h0VRZD0vAo', 141, 0.9998583067598409, 0.5, 0, 0),
('1486629076005634049', 489, 'tbtb pen main csgo dh', 99, 0.999454547345538, 0.058823529411764705, 0, 0),
('1486629076005634049', 490, 'guerilla yu  starts at 21.00 WIB (GMT+7) https://t.co/dxUDrrU2eN https://t.co/AJx8LhvYUI', 646, 0.9998072953582291, 0.0625, 0, 0),
('1486629076005634049', 490, 'https://t.co/tkbH2M0M96', 1379, 0.9992034573017015, 0.038461538461538464, 0, 0),
('1486629076005634049', 491, 'dar der dor dengan Fuma zako  Starts at 21.00 WIB (GMT+7) https://t.co/so87obiUIt https://t.co/wRMnB1YyNN', 254, 0.9910672607628251, 0.16666666666666666, 0, 0),
('1486629076005634049', 491, 'Guerilla part 2 yu  starts at 00.30 WIB (GMT+7) https://t.co/K2yiZKiiDb https://t.co/T1WgLLwBEz', 224, 0.9997778517483934, 0.25, 0, 0),
('1486629076005634049', 491, 'Kmaren mimpi apa ya', 128, 0.9998776479231187, 0.09090909090909091, 0, 0),
('1486629076005634049', 491, 'Masih ganyangka sampe sekarang bisa collab sama idola saya :))) met subuh ', 206, 0.9997321892057647, 0.07692307692307693, 0, 0),
('1486629076005634049', 492, 'ngobrol serius sekarang  https://t.co/ooEI2BXG2u', 113, 0.9988802683311098, 0.07142857142857142, 0, 0),
('1486629076005634049', 492, 'sowwy harus diundur :<  starts at 20.30 WIB (GMT+7) https://t.co/JbJxz8uYeI https://t.co/yTTqDktpge', 133, 0.9998228254941347, 0.3333333333333333, 0, 0),
('1486629076005634049', 492, 'The thumbnail: https://t.co/ju2JnSIAX5', 251, 0.991460126663978, 0.09090909090909091, 0, 0),
('1486629076005634049', 493, 'Smoga ga ketiduran https://t.co/PU8t2FVWGY', 165, 0.9995411784995344, 1, 0, 0),
('1486629076005634049', 495, 'kak tutor kak  Starts at 20.15 WIB (GMT+7) https://t.co/HHBkQNYF6s https://t.co/lBd7idNDqo', 189, 0.9990779157904606, 0.3333333333333333, 0, 0),
('1486629076005634049', 496, 'keliatan enak g c warna biru gt coba dong kalian beli terus kasih testimoni, aku penasaran https://t.co/iS3QQB5Yz4 https://t.co/tkIDymEa0j', 236, 0.9995539479739417, 0.043478260869565216, 0, 0),
('1486629076005634049', 496, 'ngajak zeta biar cpet slesai  semoga....  starts at 14.00 PM (GMT+7) https://t.co/3nF3CSjTs5 https://t.co/U6zZbr8nj6', 164, 0.9995045006570227, 0.3333333333333333, 0, 0),
('1486629076005634049', 497, 'Chill stream ga si  Starts at 15.00 WIB (GMT+7) https://t.co/NppZJjjWr7 https://t.co/dRbwrbDGos', 163, 0.9999178273510226, 1, 0, 0),
('1486629076005634049', 498, 'backsiting dong agar cepat bertemu ibu  Starts at 20.15 WIB (GMT+7) https://t.co/AWzPW3MN9K https://t.co/eERYqklh8O', 142, 0.9998285762890358, 1, 0, 0),
('1486629076005634049', 499, 'aku dapet payung golf', 83, 0.9995425501032743, 0.1111111111111111, 0, 0),
('1486629076005634049', 501, 'boleh karaoke membership malem ini ga', 62, 0.999597242325686, 0.1, 0, 0),
('1486629076005634049', 501, 'kepikiran punya merch lampu jalan https://t.co/2v1eKtcPkR', 302, 0.9996147020933308, 0.05, 0, 0),
('1486629076005634049', 501, 'viewer ngsln.', 144, 0.9999223732508862, 0.3333333333333333, 0, 0),
('1486629076005634049', 501, 'woi sini mo gud ending ga  starts at 20.00 WIB (GMT+7) https://t.co/iStymr0d21 https://t.co/WKGy7i58k4', 132, 1, 0, 0, 0),
('1486629076005634049', 502, 'gimana ya cara mendapatkan hati Gray  starts at 15.00 WIB (GMT+7) https://t.co/t88070fVJB https://t.co/P3S28ESbp1', 143, 0.9992611746026933, 0.16666666666666666, 0, 0),
('1486629076005634049', 503, ' https://t.co/WRnK7648gX', 285, 0.9990545967386412, 0.2, 0, 0),
('1486629076005634049', 503, 'woi unchi ojiisan @hizakigamma   starts at 20.00 WIB (GMT+7) https://t.co/sbm9Qm2D0l https://t.co/NVMUpB9dum', 210, 0.7268814114004921, 0.3333333333333333, 0, 0),
('1486629076005634049', 505, 'chilling stream sambil ngangguk\' dikit  starts at 15.00 WIB (GMT+7) https://t.co/dls0XsQFjs https://t.co/obRJ7XFFjn', 140, 0.9996714306657415, 1, 0, 0),
('1486629076005634049', 506, 'chilling yu sore sore  starts at 15.00 WIB (GMT+7) https://t.co/AfwgJDLnW6 https://t.co/OjuhQipbWi', 167, 0.9986506534129785, 0.5, 0, 0),
('1486629076005634049', 506, 'Gais, kemungkinan besar karaoke stream akan diadakan hari jum\'at besok (hehe maap para voter) tapi besok diganti latihan karaoke di membership aja yaa!!!', 110, 0.9997055420760017, 0.07142857142857142, 0, 0),
('1486629076005634049', 506, 'https://t.co/TiNy4MvLnR', 375, 0.9995794254291896, 0.05263157894736842, 0, 0),
('1486629076005634049', 507, '[Anggota Kapal Stream]  latihan karaoke ngab, sambil mengobrol ria sabi  https://t.co/3szUZ5m3v6 https://t.co/W8WUcdkLOp', 138, 0.9991354714101799, 0.25, 0, 0),
('1486629076005634049', 509, 'chill stream lg yu  starts at 15.00 WIB (GMT+7) https://t.co/cjPuGKZNnK https://t.co/P5dxArmF8b', 145, 0.999425947054273, 0.25, 0, 0),
('1486629076005634049', 509, 'gais lebih baik banyakin tambang apa gais?? https://t.co/McjQ7ICqen', 91, 0.9995915104265953, 0.125, 0, 0),
('1486629076005634049', 510, 'Eru play calmly  satrst at 15.00 WIB (GMT+7) https://t.co/e4Ub4nDAsZ https://t.co/PZxMRB0Gnk', 137, 0.9997830566559428, 1, 0, 0),
('1486629076005634049', 510, 'Pengen kelar 2 boss dh  starts at 19.45 WIB (GMT+7) https://t.co/qLpUWoAwFe https://t.co/FkIKebKtfg', 174, 0.9992887621957565, 0.25, 0, 0),
('1486629076005634049', 510, 'takoyaki https://t.co/5wDjLdk808', 424, 0.9997135838004011, 0.1, 0, 0),
('1486629076005634049', 511, 'Japanese songs only!  Starts at 20.00 WIB (GMT+7) https://t.co/KzhIQD37dw https://t.co/rHVchuPJBx', 725, 0.9998039980680609, 0.25, 0, 0),
('1486629076005634049', 511, 'stream valo?', 96, 0.9998377610413841, 0.2, 0, 0),
('1486629076005634049', 513, 'gamau jd impostor. saya tegangan orangnya.  starts at 00.00 WIB (GMT+7) https://t.co/6789ReOtBo https://t.co/9HOWJe6YVK', 221, 0.999876055926839, 0.3333333333333333, 0, 0),
('1486629076005634049', 513, 'meet n greet banyak bocil request anjime', 286, 0.9998626687778314, 0.1111111111111111, 0, 0),
('1486629076005634049', 514, 'i just woke up =w=  starts at 15.30 https://t.co/FZH9ZqdAg3 https://t.co/85bpRf6ZKt', 136, 0.9992611744513107, 0.25, 0, 0),
('1486629076005634049', 514, 'next among us collab stream, I\'m will title it \'pls i don\'t wanna be the crewmate\'', 433, 0.998890735074514, 0.5, 0, 0),
('1486629076005634049', 515, 'Bsk ada yg half year anniv syp y @vestiazeta @kaelakovalskia ? Rayain g c??', 170, 0.6243779757418408, 0.058823529411764705, 0, 0),
('1486629076005634049', 515, ' ', 485, 0.9999061869109089, 0.25, 0, 0),
('1486629076005634049', 516, 'hm ada ap ni @kaelakovalskia @vestiazeta   HALF YEAR ANNIV CELEBRATION: https://t.co/s0bIr6IcY4 Identity Gen 3: https://t.co/etAkwOSUWX https://t.co/KtjEr9boTw', 510, 0.614564452425101, 0.16666666666666666, 0, 0),
('1486629076005634049', 516, 'jam 4 sore whichis 3 menit lagi, Kobo live di Instagram https://t.co/0jhwAhBUQv buat introgasi Kureiji Ollie!! Wahhh akhirnya Kobo bisa mewawancarai salah satu talent dari Agensi ternama ya!', 90, 0.9977171284703672, 0.2, 0, 0),
('1486629076005634049', 516, 'Kaela: \'ga guerilla?\' Kobo: \'kalo bareng ayo aja\' Kaela: \'tidur woi tidur\'  lah tumben', 110, 0.9998317062467151, 0.25, 0, 0),
('1486629076005634049', 516, 'Kalian kangen koboo maro di malam jumat?? Tulis cerita horror kalian di sini! Closed at 16.00 PM today! :p https://t.co/l9aG3IZ6YB', 174, 0.9986840897949814, 0.05555555555555555, 0, 0),
('1486629076005634049', 516, 'new waiting room~  satrts now! https://t.co/lzgAdyoiQ5 https://t.co/9IMkk1VGiI', 246, 1, 0, 0, 0),
('1486629076005634049', 516, 'ngghh minggu ini sibuk, smoga bisa guerilla rust TT', 93, 0.999719228131317, 0.16666666666666666, 0, 0),
('1486629076005634049', 516, 'yang udah beli voicepack Kobo, gimana mnurut kelen', 77, 0.9990958406641589, 0.07692307692307693, 0, 0),
('1486629076005634049', 517, 'WEEKLY SCHEDULE  Youtube channel: https://t.co/8eTQVX3ieB  General: #KoboKanaeru  LIVE: #OnAeru  Fanart: #AeruSeni  Fan name: #Kobokerz  Memes: #Kobobrok  Announcements: #KoboCast  Fanart may be used in thumbnails or for other uses in the future (   ) https://t.co/QO7y8AVxFm', 260, 0.999229316443159, 0.047619047619047616, 0, 0),
('1486629076005634049', 517, 'mane yang kmaren ba bo ba bo kangen koboo maro  merapat  starts at 23.00 WIB (GMT+7) https://t.co/789YQdJZWa https://t.co/RtPj4iZ2J1', 122, 0.9997951586985391, 0.16666666666666666, 0, 0),
('1486629076005634049', 517, 'tamat sih hari ini, dengan kepintaran otak Kobo mengotak ngatik puzzle  Starts at 19.45 WIB (GMT+7) https://t.co/2XCITgHOZt https://t.co/8g50UM9i3w', 118, 1, 0, 0, 0),
('1486629076005634049', 518, '................. https://t.co/bAeYoTmC6I', 327, 0.9990097146097857, 0.05555555555555555, 0, 0),
('1486629076005634049', 518, 'Dikasih oleh-oleh dari Muna  https://t.co/9xirPWdz4R', 255, 0.9995489161640562, 0.14285714285714285, 0, 0),
('1486629076005634049', 518, 'hehe https://t.co/05XdRijPdN', 139, 0.9998222696052158, 0.5, 0, 0),
('1486629076005634049', 518, 'I apologize for my capitalist demands in Raguss stream, it was 100% jokes  kecuali kobokerz, cebokerz, kobolonimbus Indonesia Jangan lupa join Kobolonimbus', 214, 0.9996714421707267, 0.07692307692307693, 0, 0),
('1486629076005634049', 518, 'If i meet Ragus, i will buy him bicycle and banana.', 501, 0.9995215636698371, 0.09090909090909091, 0, 0),
('1486629076005634049', 519, 'Ga lagi fine dining makan kerang yg disruput itu ajg', 165, 0.9998586405720146, 0.16666666666666666, 0, 0),
('1486629076005634049', 519, 'Lagi nyoba baju nya moona, etss dapet rok ', 118, 0.9997482693234802, 0.14285714285714285, 0, 0),
('1486629076005634049', 519, 'Pengen belajar fine dining biar ga norak https://t.co/c9v01LnX2z', 308, 0.9996203773843904, 0.1111111111111111, 0, 0),
('1486629076005634049', 519, 'SERU BANGET TADII WKWKWKWKWK https://t.co/lEW6haVg7N', 137, 0.9991830367109916, 0.125, 0, 0);

-- --------------------------------------------------------

--
-- Table structure for table `user_dim`
--

CREATE TABLE `user_dim` (
  `user_id` varchar(21) NOT NULL,
  `username` varchar(17) DEFAULT NULL,
  `display_name` varchar(51) DEFAULT NULL
) ENGINE=InnoDB DEFAULT CHARSET=utf8mb4 COLLATE=utf8mb4_general_ci;

--
-- Dumping data for table `user_dim`
--

INSERT INTO `user_dim` (`user_id`, `username`, `display_name`) VALUES
('1234753886520393729', 'moonahoshinova', 'Moona Hoshinova ()@ID'),
('1328277233492844544', 'kureijiollie', 'Kureiji Ollie ()@ID // #JJOLLIE'),
('1486629076005634049', 'kobokanaeru', 'Kobo Kanaeru ()  @ID');

--
-- Indexes for dumped tables
--

--
-- Indexes for table `date_dim`
--
ALTER TABLE `date_dim`
  ADD PRIMARY KEY (`date_id`);

--
-- Indexes for table `hashtag_dim`
--
ALTER TABLE `hashtag_dim`
  ADD PRIMARY KEY (`hashtag_id`);

--
-- Indexes for table `hashtag_tweet_fact`
--
ALTER TABLE `hashtag_tweet_fact`
  ADD PRIMARY KEY (`hashtag_id`,`date_id`),
  ADD KEY `hashtag_id` (`hashtag_id`),
  ADD KEY `date_id` (`date_id`);

--
-- Indexes for table `stream_fact`
--
ALTER TABLE `stream_fact`
  ADD PRIMARY KEY (`user_id`,`date_id`,`topic_mapping_id`) USING BTREE;

--
-- Indexes for table `topic_dim`
--
ALTER TABLE `topic_dim`
  ADD PRIMARY KEY (`topic_id`);

--
-- Indexes for table `topic_mappings_dim`
--
ALTER TABLE `topic_mappings_dim`
  ADD PRIMARY KEY (`topic_id`,`topic_mapping_id`);

--
-- Indexes for table `tweet_fact`
--
ALTER TABLE `tweet_fact`
  ADD PRIMARY KEY (`user_id`,`date_id`,`tweet_content`),
  ADD KEY `user_id` (`user_id`),
  ADD KEY `date_id` (`date_id`);

--
-- Indexes for table `user_dim`
--
ALTER TABLE `user_dim`
  ADD PRIMARY KEY (`user_id`);

--
-- AUTO_INCREMENT for dumped tables
--

--
-- AUTO_INCREMENT for table `date_dim`
--
ALTER TABLE `date_dim`
  MODIFY `date_id` int NOT NULL AUTO_INCREMENT, AUTO_INCREMENT=642;

--
-- AUTO_INCREMENT for table `hashtag_dim`
--
ALTER TABLE `hashtag_dim`
  MODIFY `hashtag_id` int NOT NULL AUTO_INCREMENT, AUTO_INCREMENT=4;

--
-- AUTO_INCREMENT for table `topic_dim`
--
ALTER TABLE `topic_dim`
  MODIFY `topic_id` int NOT NULL AUTO_INCREMENT, AUTO_INCREMENT=29;

--
-- Constraints for dumped tables
--

--
-- Constraints for table `hashtag_tweet_fact`
--
ALTER TABLE `hashtag_tweet_fact`
  ADD CONSTRAINT `hashtag_tweet_fact_ibfk_1` FOREIGN KEY (`hashtag_id`) REFERENCES `hashtag_dim` (`hashtag_id`),
  ADD CONSTRAINT `hashtag_tweet_fact_ibfk_2` FOREIGN KEY (`date_id`) REFERENCES `date_dim` (`date_id`);

--
-- Constraints for table `topic_mappings_dim`
--
ALTER TABLE `topic_mappings_dim`
  ADD CONSTRAINT `topic_foreign_key` FOREIGN KEY (`topic_id`) REFERENCES `topic_dim` (`topic_id`) ON DELETE CASCADE ON UPDATE CASCADE;

--
-- Constraints for table `tweet_fact`
--
ALTER TABLE `tweet_fact`
  ADD CONSTRAINT `tweet_fact_ibfk_1` FOREIGN KEY (`user_id`) REFERENCES `user_dim` (`user_id`),
  ADD CONSTRAINT `tweet_fact_ibfk_2` FOREIGN KEY (`date_id`) REFERENCES `date_dim` (`date_id`);
COMMIT;

/*!40101 SET CHARACTER_SET_CLIENT=@OLD_CHARACTER_SET_CLIENT */;
/*!40101 SET CHARACTER_SET_RESULTS=@OLD_CHARACTER_SET_RESULTS */;
/*!40101 SET COLLATION_CONNECTION=@OLD_COLLATION_CONNECTION */;
